elapsedTimeNanoSec, speed, direction
15469,-0.0,0.0
57953437,-0.0,0.0
58471458,-0.0,0.0
70304271,-0.0,0.0
71044635,-0.0,0.0
81822656,-0.0,0.0
82285625,-0.0,0.0
92846041,-0.0,0.0
93344583,-0.0,0.0
103543177,-0.0,0.0
104146875,-0.0,0.0
114400000,-0.0,0.0
115064062,-0.0,0.0
124850469,-0.0,0.0
125516562,-0.0,0.0
137133698,-0.0,0.0
137420364,-0.0,0.0
147773594,-0.0,0.0
148046771,-0.0,0.0
158327656,-0.0,0.0
158814739,-0.0,0.0
169136198,-0.0,0.0
169436562,-0.0,0.0
179875729,-0.0,0.0
180141927,-0.0,0.0
190550260,-0.0,0.0
190903333,-0.0,0.0
201305573,-0.0,0.0
201590260,-0.0,0.0
211850573,-0.0,0.0
212168854,-0.0,0.0
222393333,-0.0,0.0
222735833,-0.0,0.0
233382500,-0.0,0.0
233770521,-0.0,0.0
244010625,-0.0,0.0
244441719,-0.0,0.0
254616302,-0.0,0.0
255217864,-0.0,0.0
265726719,-0.0,0.0
266320937,-0.0,0.0
276199271,-0.0,0.0
277143958,-0.0,0.0
286969010,-0.0,0.0
287548073,-0.0,0.0
297940937,-0.0,0.0
298236354,-0.0,0.0
309390052,-0.0,0.0
309766302,-0.0,0.0
319736198,-0.0,0.0
320164739,-0.0,0.0
330048125,-0.0,0.0
330534375,-0.0,0.0
340867031,-0.0,0.0
341251302,-0.0,0.0
351343489,-0.0,0.0
351687760,-0.0,0.0
361681823,-0.0,0.0
362071562,-0.0,0.0
372027812,-0.0,0.0
372426823,-0.0,0.0
382456614,-0.0,0.0
382733073,-0.0,0.0
392918385,-0.0,0.0
393338593,-0.0,0.0
403228229,-0.0,0.0
403738021,-0.0,0.0
413672343,-0.0,0.0
414124687,-0.0,0.0
423997864,-0.0,0.0
424525156,-0.0,0.0
434319271,-0.0,0.0
434945833,-0.0,0.0
444947500,-0.0,0.0
445286927,-0.0,0.0
455576718,-0.0,0.0
456331927,-0.0,0.0
466367083,-0.0,0.0
467460989,-0.0,0.0
477080521,-0.0,0.0
477918698,-0.0,0.0
487602968,-0.0,0.0
488357239,-0.0,0.0
498103698,-0.0,0.0
498734635,-0.0,0.0
508422239,-0.0,0.0
509303125,-0.0,0.0
518980573,-0.0,0.0
519735156,-0.0,0.0
529333437,-0.0,0.0
530353385,-0.0,0.0
539833125,-0.0,0.0
540789583,-0.0,0.0
550229843,-0.0,0.0
551327083,-0.0,0.0
560999791,-0.0,0.0
561934948,-0.0,0.0
571380625,-0.0,0.0
572315573,-0.0,0.0
581677187,-0.0,0.0
582719583,-0.0,0.0
592096927,-0.0,0.0
593113489,-0.0,0.0
602453489,-0.0,0.0
603793541,-0.0,0.0
613038177,-0.0,0.0
614275208,-0.0,0.0
624105833,-0.0,0.0
624800520,-0.0,0.0
634667552,-0.0,0.0
635241250,-0.0,0.0
645154791,-0.0,0.0
645851406,-0.0,0.0
656087500,-0.0,0.0
656399323,-0.0,0.0
666874635,-0.0,0.0
667238229,-0.0,0.0
677361875,-0.0,0.0
677724895,-0.0,0.0
688442916,-0.0,0.0
688811093,-0.0,0.0
698808385,-0.0,0.0
699323750,-0.0,0.0
709136614,-0.0,0.0
709747708,-0.0,0.0
719801875,-0.0,0.0
720156614,-0.0,0.0
730157916,-0.0,0.0
730409323,-0.0,0.0
740556041,-0.0,0.0
740827395,-0.0,0.0
750893645,-0.0,0.0
751164114,-0.0,0.0
761281197,-0.0,0.0
761603593,-0.0,0.0
771631927,-0.0,0.0
771912760,-0.0,0.0
782090625,-0.0,0.0
782417395,-0.0,0.0
792841927,-0.0,0.0
793152812,-0.0,0.0
806163281,-0.0,0.0
806486770,-0.0,0.0
817001822,-0.0,0.0
817357552,-0.0,0.0
828086250,-0.0,0.0
828391614,-0.0,0.0
838407916,-0.0,0.0
838677812,-0.0,0.0
848698020,-0.0,0.0
848955104,-0.0,0.0
858993958,-0.0,0.0
859291562,-0.0,0.0
869327187,-0.0,0.0
869581354,-0.0,0.0
879900104,-0.0,0.0
880196770,-0.0,0.0
890287864,-0.0,0.0
890552656,-0.0,0.0
900596041,-0.0,0.0
900901197,-0.0,0.0
910889114,-0.0,0.0
911287916,-0.0,0.0
921362552,-0.0,0.0
921694375,-0.0,0.0
931805781,-0.0,0.0
932127656,-0.0,0.0
942116562,-0.0,0.0
942533072,-0.0,0.0
952511562,-0.0,0.0
953898541,-0.0,0.0
963046249,0.04718398153781891,0.0
1002019218,0.09224030077457428,0.0
1037051510,0.09224030077457428,0.0
1037344687,0.09224030077457428,0.0
1047613489,0.13979974687099456,0.0
1090102499,0.3,0.0
1122527968,0.3,0.0
1123143906,0.3,0.0
1133044687,0.3,0.0
1133576041,0.3,0.0
1143541666,0.3,0.0
1144107916,0.3,0.0
1154104583,0.3,0.0
1154570989,0.3,0.0
1164656145,0.3,0.0
1164995677,0.3,0.0
1175183749,0.3,0.0
1175576354,0.3,0.0
1186336510,0.3,0.0
1186806874,0.3,0.0
1196808645,0.3,0.0
1197245312,0.3,0.0
1214140885,0.3,0.0
1214644270,0.3,0.0
1224746874,0.3,0.0
1225118645,0.3,0.0
1235370364,0.3,0.0
1235771562,0.3,0.0
1245850208,0.3,0.0
1246223020,0.3,0.0
1256543906,0.3,0.0
1256903541,0.3,0.0
1267079062,0.3,0.0
1267501718,0.3,0.0
1277574322,0.3,0.0
1277990572,0.3,0.0
1288090051,0.3,0.0
1288494010,0.3,0.0
1298861770,0.3,0.0
1299484010,0.3,0.0
1309262031,0.3,0.0
1310317604,0.3,0.0
1319687656,0.3,0.0
1320774218,0.3,0.0
1330052499,0.3,0.0
1331180468,0.3,0.0
1340430781,0.3,0.0
1341737812,0.3,0.0
1354181510,0.3,0.0
1354578854,0.3,0.0
1365107447,0.3,0.0
1365462187,0.3,0.0
1375945729,0.3,0.0
1376293697,0.3,0.0
1386533489,0.3,0.0
1386913020,0.3,0.0
1397270364,0.3,0.0
1397643437,0.3,0.0
1407916978,0.3,0.0
1408250676,0.3,0.0
1418451458,0.3,0.0
1418811093,0.3,0.0
1428978958,0.3,0.0
1429339114,0.3,0.0
1439580103,0.3,0.0
1439989583,0.3,0.0
1450104062,0.3,0.0
1450391093,0.3,0.0
1460712343,0.3,0.0
1461065416,0.3,0.0
1471806145,0.3,0.0
1472490156,0.3,0.0
1482337968,0.3,0.0
1482968645,0.3,0.0
1492873906,0.3,0.0
1493496249,0.3,0.0
1503530833,0.3,0.0
1503905989,0.3,0.0
1514164531,0.3,0.0
1514490572,0.3,0.0
1524873541,0.3,0.0
1525354062,0.3,0.0
1535446406,0.3,0.0
1536070676,0.3,0.0
1546000520,0.3,0.0
1546559478,0.3,0.0
1556840051,0.3,0.0
1557759947,0.3,0.0
1567548072,0.3,0.0
1568557916,0.3,0.0
1578359114,0.3,0.0
1579077135,0.3,0.0
1589013176,0.3,0.0
1589620676,0.3,0.0
1599623176,0.3,0.0
1634474843,0.3,0.0
1634967083,0.3,0.0
1644968228,0.3,0.0
1645417655,0.3,0.0
1655426874,0.3,0.0
1655937343,0.3,0.0
1665850728,0.3,0.0
1667187916,0.3,0.0
1676493749,0.3,0.0
1678030676,0.3,0.0
1687174270,0.3,0.0
1688760364,0.3,0.0
1697819426,0.3,0.0
1703377708,0.3,0.0
1708247083,0.3,0.0
1713880260,0.3,0.0
1718928697,0.3,0.0
1724576874,0.3,0.0
1729499843,0.3,0.0
1735411718,0.3,0.0
1740336666,0.3,0.0
1746291978,0.3,0.0
1751260989,0.3,0.0
1757149791,0.3,0.0
1761957083,0.3,0.0
1768183489,0.3,0.0
1774801718,0.3,0.0
1779666301,0.3,0.0
1785444062,0.3,0.0
1792296718,0.3,0.0
1797585676,0.3,0.0
1803035989,0.3,0.0
1809046562,0.3,0.0
1813947447,0.3,0.0
1819881301,0.3,0.0
1826441978,0.3,0.0
1830415989,0.3,0.0
1836851041,0.3,0.0
1841066978,0.3,0.0
1847377239,0.3,0.0
1851481041,0.3,0.0
1857791666,0.3,0.0
1862030832,0.3,0.0
1868130520,0.3,0.0
1872414635,0.3,0.0
1878521562,0.3,0.0
1882887760,0.3,0.0
1889036301,0.3,0.0
1893276353,0.3,0.0
1899580155,0.3,0.0
1904251666,0.3,0.0
1910055468,0.3,0.0
1914761301,0.3,0.0
1920605155,0.3,0.0
1925406249,0.3,0.0
1933888801,0.3,0.0
1935926301,0.3,0.0
1944445364,0.3,0.0
1946471353,0.3,0.0
1954908541,0.3,0.0
1957088176,0.3,0.0
1965369114,0.3,0.0
1968029062,0.3,0.0
1976948853,0.3,0.0
1978688176,0.3,0.0
1987357551,0.3,0.0
1989392655,0.3,0.0
1997796770,0.11476846039295197,0.0
2019443957,0.11476846039295197,0.0
2019963332,0.11476846039295197,0.0
2029803853,0.11476846039295197,0.0
2030404843,0.11476846039295197,0.0
2040170624,0.0021276610437780618,0.0
2065472759,0.0021276610437780618,0.0
2067039166,0.0021276610437780618,0.0
2076517655,0.0021276610437780618,0.0
2077948905,-0.0,0.0
2087508489,-0.0,0.0
2088619062,-0.0,0.0
2098491978,-0.0,0.0
2099439739,-0.0,0.0
2109099270,-0.0,0.0
2109889791,-0.0,0.0
2119818749,-0.0,0.0
2120325103,-0.0,0.0
2130313801,-0.0,0.0
2130770155,-0.0,0.0
2140876145,-0.0,0.0
2141189843,-0.0,0.0
2151333749,-0.0,0.0
2151698437,-0.0,0.0
2161822968,-0.0,0.0
2162144739,-0.0,0.0
2172293072,-0.0,0.0
2172611197,-0.0,0.0
2182870624,-0.0,0.0
2183204270,-0.0,0.0
2193520989,-0.0,0.0
2194194062,-0.0,0.0
2204408749,-0.0,0.0
2204982603,-0.0,0.0
2215668541,-0.0,0.0
2216099009,-0.0,0.0
2226531666,-0.0,0.0
2226873853,-0.0,0.0
2238324009,-0.0,0.0
2238939374,-0.0,0.0
2248643176,-0.0,0.0
2249326509,-0.0,0.0
2259000259,-0.0,0.0
2259675416,-0.0,0.0
2269446145,-0.0,0.0
2270509582,-0.0,0.0
2279809270,-0.0,0.0
2280905728,-0.0,0.0
2290133697,-0.0,0.0
2291406822,-0.0,0.0
2300562603,-0.0,0.0
2302049999,-0.0,0.0
2310911509,-0.0,0.0
2312446770,-0.0,0.0
2322163749,-0.0,0.0
2322912864,-0.0,0.0
2332648436,-0.0,0.0
2333352343,-0.0,0.0
2343304947,-0.0,0.0
2343984114,-0.0,0.0
2353773853,-0.0,0.0
2354433905,-0.0,0.0
2364498801,-0.0,0.0
2366203905,-0.0,0.0
2375437447,-0.0,0.0
2376885572,-0.0,0.0
2386631197,-0.0,0.0
2387306926,-0.0,0.0
2397156145,-0.0,0.0
2397700832,-0.0,0.0
2407651093,-0.0,0.0
2408367916,-0.0,0.0
2418254947,-0.0,0.0
2418764166,-0.0,0.0
2428844426,-0.0,0.0
2429134999,-0.0,0.0
2439389999,-0.0,0.0
2439709895,-0.0,0.0
2449861666,-0.0,0.0
2450175364,-0.0,0.0
2460477186,-0.0,0.0
2461690936,-0.0,0.0
2470838801,-0.0,0.0
2472436978,-0.0,0.0
2481457082,-0.0,0.0
2482881353,-0.0,0.0
2492121353,-0.0,0.0
2493440728,-0.0,0.0
2503241249,-0.0,0.0
2503829791,-0.0,0.0
2513819791,-0.0,0.0
2514237499,-0.0,0.0
2524414738,-0.0,0.0
2524718905,-0.0,0.0
2534844113,-0.0,0.0
2535196509,-0.0,0.0
2545294270,-0.0,0.0
2574028072,-0.0,0.0
2574354478,-0.0,0.0
2584873436,-0.0,0.0
2585208436,-0.0,0.0
2595232655,-0.0,0.0
2595531353,-0.0,0.0
2606008176,-0.0,0.0
2606626874,-0.0,0.0
2616474478,-0.0,0.0
2617116926,-0.0,0.0
2626873280,-0.0,0.0
2627536301,-0.0,0.0
2637300728,-0.0,0.0
2637945468,-0.0,0.0
2647859582,-0.0,0.0
2648449322,-0.0,0.0
2658658072,-0.0,0.0
2660426353,-0.0,0.0
2669665416,-0.0,0.0
2670944009,-0.0,0.0
2680280468,-0.0,0.0
2681838280,-0.0,0.0
2690862134,-0.0,0.0
2692577291,-0.0,0.0
2701525051,-0.0,0.0
2704756301,-0.0,0.0
2712129218,-0.0,0.0
2715487447,-0.0,0.0
2723055520,-0.0,0.0
2725866249,-0.0,0.0
2734466040,-0.0,0.0
2736822499,-0.0,0.0
2745251093,-0.0,0.0
2747447551,-0.0,0.0
2755937447,-0.0,0.0
2758136197,-0.0,0.0
2766553540,-0.0,0.0
2768673749,-0.0,0.0
2777127499,-0.0,0.0
2779123384,-0.0,0.0
2787639686,-0.0,0.0
2789583593,-0.0,0.0
2798290520,-0.0,0.0
2800016770,-0.0,0.0
2808828905,-0.0,0.0
2810491926,-0.0,0.0
2819380415,-0.0,0.0
2820941301,-0.0,0.0
2829905832,-0.0,0.0
2831376509,-0.0,0.0
2840712134,-0.0,0.0
2841899322,-0.0,0.0
2851212759,-0.0,0.0
2852294165,-0.0,0.0
2861539738,-0.0,0.0
2862848176,-0.0,0.0
2872180832,-0.0,0.0
2873256770,-0.0,0.0
2882903332,-0.0,-0.045264918357133865
2923880780,-0.0,-0.1579057276248932
2966283280,-0.0,-0.23299957811832428
3002077707,-0.0,-0.2371714860200882
3002522759,-0.0,-0.2371714860200882
3012910832,-0.0,-0.2371714860200882
3013393124,-0.0,-0.2371714860200882
3023474270,-0.0,-0.2371714860200882
3023950155,-0.0,-0.2371714860200882
3034008124,-0.0,-0.2371714860200882
3034359790,-0.0,-0.2371714860200882
3044539634,-0.0,-0.24134336411952972
3066593488,-0.0,-0.24134336411952972
3068453384,-0.0,-0.24134336411952972
3077656145,-0.0,-0.24134336411952972
3079225155,-0.0,-0.24134336411952972
3088316145,-0.0,-0.24134336411952972
3089787342,-0.0,-0.24134336411952972
3099147238,-0.0,-0.24134336411952972
3100338488,-0.0,-0.24134336411952972
3110017186,-0.0,-0.24134336411952972
3110853488,-0.0,-0.24134336411952972
3120441822,-0.0,-0.24134336411952972
3121326613,-0.0,-0.24134336411952972
3131038749,-0.0,-0.24134336411952972
3131803592,-0.0,-0.24134336411952972
3141447395,-0.0,-0.24134336411952972
3142308853,-0.0,-0.24134336411952972
3151890519,-0.0,-0.24134336411952972
3152780103,-0.0,-0.24134336411952972
3162385363,-0.0,-0.24134336411952972
3163346561,-0.0,-0.24134336411952972
3172862759,-0.0,-0.24134336411952972
3173860936,-0.0,-0.24134336411952972
3183287759,-0.0,-0.24134336411952972
3184297238,-0.0,-0.24134336411952972
3193768592,-0.0,-0.24134336411952972
3194775832,-0.0,-0.24134336411952972
3204201144,-0.0,-0.24551524221897125
3205230155,-0.0,-0.24551524221897125
3214652915,-0.0,-0.24551524221897125
3215807394,-0.0,-0.24551524221897125
3225114217,-0.0,-0.24551524221897125
3226342707,-0.0,-0.24551524221897125
3235539061,-0.0,-0.24551524221897125
3237091457,-0.0,-0.24551524221897125
3246019686,-0.0,-0.24551524221897125
3247747915,-0.0,-0.24551524221897125
3256564790,-0.0,-0.24551524221897125
3258267030,-0.0,-0.24551524221897125
3267164686,-0.0,-0.24551524221897125
3268760572,-0.0,-0.24551524221897125
3277748488,-0.0,-0.24551524221897125
3279249634,-0.0,-0.24551524221897125
3288364113,-0.0,-0.24551524221897125
3289812499,-0.0,-0.24551524221897125
3298934217,-0.0,-0.24551524221897125
3301991353,-0.0,-0.24551524221897125
3309403124,-0.0,-0.24551524221897125
3312446405,-0.0,-0.24551524221897125
3319877967,-0.0,-0.24551524221897125
3323021561,-0.0,-0.24551524221897125
3330395051,-0.0,-0.24551524221897125
3333467759,-0.0,-0.24551524221897125
3341059426,-0.0,-0.24551524221897125
3344173853,-0.0,-0.24551524221897125
3351474738,-0.0,-0.24551524221897125
3354608540,-0.0,-0.24551524221897125
3362018436,-0.0,-0.24551524221897125
3365116509,-0.0,-0.24551524221897125
3372436978,-0.0,-0.24551524221897125
3375515519,-0.0,-0.24551524221897125
3383016561,-0.0,-0.24551524221897125
3386047134,-0.0,-0.24551524221897125
3393444842,-0.0,-0.24551524221897125
3397667759,-0.0,-0.24551524221897125
3403918280,-0.0,-0.24551524221897125
3408204321,-0.0,-0.24551524221897125
3414375259,-0.0,-0.24551524221897125
3418957030,-0.0,-0.24551524221897125
3424975363,-0.0,-0.24551524221897125
3429540259,-0.0,-0.24551524221897125
3435832238,-0.0,-0.24551524221897125
3440026249,-0.0,-0.2538590133190155
3479328644,-0.0,-0.29140594601631165
3515181144,-0.0,-0.29140594601631165
3515451561,-0.0,-0.29140594601631165
3525630676,-0.0,-0.3164372146129608
3553367863,-0.0,-0.3164372146129608
3553665363,-0.0,-0.3164372146129608
3563929165,-0.0,-0.34981226921081543
3584969790,-0.0,-0.34981226921081543
3585198280,-0.0,-0.34981226921081543
3595287811,-0.0,-0.34981226921081543
3595616926,-0.0,-0.34981226921081543
3605712290,-0.0,-0.36232790350914
3626723436,-0.0,-0.36232790350914
3626970467,-0.0,-0.36232790350914
3637006561,-0.0,-0.36232790350914
3637344321,-0.0,-0.4040467441082001
3681075155,-0.0,-0.4374217689037323
3701132655,-0.0,-0.4374217689037323
3701562915,-0.0,-0.4374217689037323
3711532863,-0.0,-0.4374217689037323
3712149582,-0.0,-0.4374217689037323
3721968176,-0.0,-0.45828118920326233
3765316092,-0.0,-0.46245306730270386
3807206717,-0.0,-0.4707968235015869
3843376040,-0.0,-0.4707968235015869
3843881300,-0.0,-0.4707968235015869
3853982707,-0.0,-0.4707968235015869
3854869373,-0.0,-0.4707968235015869
3864747863,-0.0,-0.4707968235015869
3865829946,-0.0,-0.4707968235015869
3877014686,-0.0,-0.4707968235015869
3877494425,-0.0,-0.4707968235015869
3887421821,-0.0,-0.4707968235015869
3888026092,-0.0,-0.4707968235015869
3898076925,-0.0,-0.4707968235015869
3898981717,-0.0,-0.4707968235015869
3908847759,-0.0,-0.4707968235015869
3911157498,-0.0,-0.4707968235015869
3921039842,-0.0,-0.4707968235015869
3921749946,-0.0,-0.4707968235015869
3931432134,-0.0,-0.4707968235015869
3932324842,-0.0,-0.4707968235015869
3942008019,-0.0,-0.4707968235015869
3942787082,-0.0,-0.4707968235015869
3952506613,-0.0,-0.4707968235015869
3953244269,-0.0,-0.4707968235015869
3963050311,-0.0,-0.4707968235015869
3963673905,-0.0,-0.4707968235015869
3974171509,-0.0,-0.4707968235015869
3974506978,-0.0,-0.4707968235015869
3985126092,-0.0,-0.4707968235015869
3985473853,-0.0,-0.4707968235015869
3996771925,-0.0,-0.4249061346054077
4020695988,-0.0,-0.4249061346054077
4021135415,-0.0,-0.4249061346054077
4031562655,-0.0,-0.4249061346054077
4031969998,-0.0,-0.4249061346054077
4042221040,-0.0,-0.19962453842163086
4062577394,-0.0,-0.19962453842163086
4062973280,-0.0,-0.19962453842163086
4073131613,-0.0,-0.19962453842163086
4073467967,-0.0,-0.19962453842163086
4083686248,-0.0,0.0
4106991405,-0.0,0.0
4107754894,-0.0,0.0
4117669530,-0.0,0.0
4118391977,-0.0,0.0
4128445988,-0.0,0.0
4128865207,-0.0,0.0
4139068644,-0.0,0.0
4139508592,-0.0,0.0
4149568280,-0.0,0.0
4149909061,-0.0,0.0
4160150884,-0.0,0.0
4160458175,-0.0,0.0
4170644842,-0.0,0.0
4170975102,-0.0,0.0
4181577550,-0.0,0.0
4181941405,-0.0,0.0
4192351665,-0.0,0.0
4193107342,-0.0,0.0
4202943332,-0.0,0.0
4203713332,-0.0,0.0
4214518540,-0.0,0.0
4214906092,-0.0,0.0
4225139165,-0.0,0.0
4225458748,-0.0,0.0
4236095102,-0.0,0.0
4236719425,-0.0,0.0
4247222811,-0.0,0.0
4247612550,-0.0,0.0
4258069165,-0.0,0.0
4258447654,-0.0,0.0
4268634582,-0.0,0.0
4269037550,-0.0,0.0
4279624477,-0.0,0.0
4280061092,-0.0,0.0
4290314894,-0.0,0.0
4290650050,-0.0,0.0
4300802863,-0.0,0.0
4301127602,-0.0,0.0
4311251457,-0.0,0.0
4311617811,-0.0,0.0
4321769217,-0.0,0.0
4322652602,-0.0,0.0
4332531404,-0.0,0.0
4336452863,-0.0,0.0
4343946300,-0.0,0.0
4346954217,-0.0,0.0
4354678332,-0.0,0.0
4357596613,-0.0,0.0
4365260988,-0.0,0.0
4368013332,-0.0,0.0
4375835884,-0.0,0.0
4378392967,-0.0,0.0
4386366613,-0.0,0.0
4388833904,-0.0,0.0
4396778332,-0.0,0.0
4399250623,-0.0,0.0
4407206248,-0.0,0.0
4409656769,-0.0,0.0
4417603488,-0.0,0.0
4420233540,-0.0,0.0
4428012550,-0.0,0.0
4430882863,-0.0,0.0
4438424373,-0.0,0.0
4441449582,-0.0,0.0
4449305415,-0.0,0.0
4451981040,-0.0,0.0
4460211613,-0.0,0.0
4463074009,-0.0,0.0
4471582654,-0.0,0.0
4473516561,-0.0,0.0
4482137290,-0.0,0.011889864690601826
4509855675,-0.0,0.011889864690601826
4510200102,-0.0,0.011889864690601826
4520927550,-0.0,0.045264918357133865
4560157498,-0.0,0.09115561097860336
4584377706,-0.0,0.09115561097860336
4585156300,-0.0,0.09115561097860336
4595231717,-0.0,0.09115561097860336
4595665571,-0.0,0.09115561097860336
4606101248,-0.0,0.1453900784254074
4636159477,-0.0,0.1453900784254074
4636670415,-0.0,0.1453900784254074
4646931561,-0.0,0.1579057276248932
4692027081,-0.0,0.18710888922214508
4735911456,-0.0,0.1912807673215866
4778912602,-0.0,0.19545264542102814
4779375727,-0.0,0.19545264542102814
4792171404,-0.0,0.19545264542102814
4792842915,-0.0,0.19545264542102814
4803284477,-0.0,0.19545264542102814
4803891977,-0.0,0.19545264542102814
4814031821,-0.0,0.19545264542102814
4814374790,-0.0,0.19545264542102814
4824851404,-0.0,0.19545264542102814
4825226300,-0.0,0.19545264542102814
4835583279,-0.0,0.19545264542102814
4836005467,-0.0,0.19545264542102814
4846124686,-0.0,0.19962453842163086
4846580258,-0.0,0.19962453842163086
4857410154,-0.0,0.19962453842163086
4857789008,-0.0,0.19962453842163086
4868547498,-0.0,0.19962453842163086
4868963956,-0.0,0.19962453842163086
4879495675,-0.0,0.19962453842163086
4879876248,-0.0,0.19962453842163086
4890326977,-0.0,0.19962453842163086
4890714008,-0.0,0.19962453842163086
4901326613,-0.0,0.19962453842163086
4901713071,-0.0,0.19962453842163086
4911935467,-0.0,0.19962453842163086
4912273019,-0.0,0.19962453842163086
4922980310,-0.0,0.19962453842163086
4923397602,-0.0,0.19962453842163086
4933555206,-0.0,0.19962453842163086
4933969008,-0.0,0.19962453842163086
4944277394,-0.0,0.19962453842163086
4944736300,-0.0,0.19962453842163086
4955151352,-0.0,0.19962453842163086
4955901404,-0.0,0.19962453842163086
4966464425,-0.0,0.19962453842163086
4966939790,-0.0,0.19962453842163086
4977074321,-0.0,0.19962453842163086
4977447290,-0.0,0.19962453842163086
4987608592,-0.0,0.19962453842163086
4988056560,-0.0,0.19962453842163086
4998176300,-0.0,0.19962453842163086
4998511300,-0.0,0.19962453842163086
5008779998,-0.0,0.19962453842163086
5009132654,-0.0,0.19962453842163086
5019730779,-0.0,0.19962453842163086
5020292185,-0.0,0.19962453842163086
5031127758,-0.0,0.19962453842163086
5031439008,-0.0,0.19962453842163086
5041545779,-0.0,0.19962453842163086
5041883071,-0.0,0.19962453842163086
5052078435,-0.0,0.19962453842163086
5052387238,-0.0,0.19962453842163086
5062438592,-0.0,0.19962453842163086
5062750727,-0.0,0.19962453842163086
5072825935,-0.0,0.19962453842163086
5073118852,-0.0,0.19962453842163086
5083176404,-0.0,0.19962453842163086
5083488644,-0.0,0.19962453842163086
5093535519,-0.0,0.19962453842163086
5093850310,-0.0,0.19962453842163086
5103887185,-0.0,0.19962453842163086
5104251404,-0.0,0.19962453842163086
5114354425,-0.0,0.19962453842163086
5114740258,-0.0,0.19962453842163086
5124853331,-0.0,0.20796829462051392
5156478383,-0.0,0.20796829462051392
5156802654,-0.0,0.2830621600151062
5197230519,-0.0,0.5
5222913540,-0.0,0.5
5223425779,-0.0,0.5
5233808904,-0.0,0.5
5234435935,-0.0,0.5
5244436769,-0.0,0.5
5244904321,-0.0,0.5
5255022967,-0.0,0.5
5256007185,-0.0,0.5
5265685987,-0.0,0.5
5266523696,-0.0,0.5
5276294998,-0.0,0.5
5276939633,-0.0,0.5
5286678904,-0.0,0.5
5287338644,-0.0,0.5
5297013331,-0.0,0.5
5297767602,-0.0,0.5
5307407133,-0.0,0.5
5308212706,-0.0,0.5
5317873696,-0.0,0.5
5318686508,-0.0,0.5
5328512862,-0.0,0.5
5329134737,-0.0,0.5
5338988748,-0.0,0.5
5339604894,-0.0,0.5
5349411717,-0.0,0.5
5350122654,-0.0,0.5
5360012237,-0.0,0.5
5360758227,-0.0,0.5
5370563019,-0.0,0.5
5372674425,-0.0,0.5
5380998852,-0.0,0.5
5383182289,-0.0,0.5
5391409112,-0.0,0.5
5393597862,-0.0,0.5
5402144164,-0.0,0.5
5404037967,-0.0,0.5
5412928279,-0.0,0.5
5414527029,-0.0,0.5
5423324373,-0.0,0.5
5425104112,-0.0,0.5
5433915362,-0.0,0.5
5435853539,-0.0,0.5
5444343904,-0.0,0.19545264542102814
5478511977,-0.0,0.19545264542102814
5479029789,-0.0,0.19545264542102814
5489010675,-0.0,0.19545264542102814
5489779998,-0.0,0.19545264542102814
5500079842,-0.0,0.0
5534655831,-0.0,0.0
5534921352,-0.0,0.0
5545228071,-0.0,0.0
5545609216,-0.0,0.0
5556110466,-0.0,0.0
5556440466,-0.0,0.0
5566632237,-0.0,0.0
5566990883,-0.0,0.0
5577072966,-0.0,0.0
5577463279,-0.0,0.0
5587568904,-0.0,0.0
5587986039,-0.0,0.0
5598063019,-0.0,0.0
5598333435,-0.0,0.0
5608567289,-0.0,0.0
5608924998,-0.0,0.0
5618953019,-0.0,0.0
5619257341,-0.0,0.0
5629463904,-0.0,0.0
5629762498,-0.0,0.0
5640096716,-0.0,0.0
5640397498,-0.0,0.0
5650385987,-0.0,0.0
5650784321,-0.0,0.0
5660742289,-0.0,0.0
5661160310,-0.0,0.0
5671061091,-0.0,0.0
5671503591,-0.0,0.0
5681609581,-0.0,0.0
5681924998,-0.0,0.0
5691910987,-0.0,-0.2371714860200882
5722797237,-0.0,-0.2371714860200882
5723084581,-0.0,-0.2371714860200882
5733180310,-0.0,-0.46245306730270386
5757029373,-0.0,-0.46245306730270386
5757562394,-0.0,-0.5
5807054060,-0.0,-0.41656237840652466
5830837185,-0.0,-0.41656237840652466
5831385154,-0.0,-0.41656237840652466
5841386404,-0.0,-0.41656237840652466
5842443018,-0.0,-0.41656237840652466
5852024321,-0.0,-0.14956195652484894
5885066352,-0.0,0.0
5926385675,-0.0,0.0
5927419164,-0.0,0.0
5937097237,-0.0,0.0
5937878487,-0.0,0.0
5947529268,-0.0,0.0
5948325206,-0.0,0.0
5958741404,-0.0,0.0
5959292446,-0.0,0.0
5969129164,-0.0,0.0
5969721560,-0.0,0.0
5979501664,-0.0,0.0
5980208800,-0.0,0.0
5989885258,-0.0,0.0
5990608175,-0.0,0.0
6000494008,-0.0,0.0
6001338591,-0.0,0.0
6011339216,-0.0,0.0
6011681404,-0.0,0.0
6021675258,-0.0,0.0
6023885518,-0.0,0.0
6032073175,-0.0,0.0
6035799685,-0.0,0.0
6043098279,-0.0,0.0
6046641143,-0.0,0.0
6053678904,-0.0,0.0
6057098383,-0.0,0.0
6064238643,-0.0,0.0
6067543539,-0.0,0.0
6074845414,-0.0,0.0
6078004425,-0.0,-0.20796829462051392
6106710102,-0.0,-0.20796829462051392
6107149425,-0.0,-0.20796829462051392
6117558800,-0.0,-0.5
6134132237,-0.0,-0.5
6134520050,-0.0,-0.5
6144547341,-0.0,-0.5
6144884477,-0.0,-0.5
6155034164,-0.0,-0.5
6155391195,-0.0,-0.5
6165591248,-0.0,-0.5
6165992914,-0.0,-0.5
6176094945,-0.0,-0.5
6176423070,-0.0,-0.5
6186864841,-0.0,-0.5
6187256300,-0.0,-0.5
6197325987,-0.0,-0.5
6197680831,-0.0,-0.5
6207829633,-0.0,-0.27471840381622314
6230109997,-0.0,-0.27471840381622314
6231104268,-0.0,-0.27471840381622314
6240778539,-0.0,-0.007717983331531286
6257536716,-0.0,-0.007717983331531286
6258015154,-0.0,-0.007717983331531286
6268856768,-0.0,-0.007717983331531286
6270533435,-0.0,-0.007717983331531286
6279852341,-0.0,0.0
6281972810,-0.0,0.0
6290492966,-0.0,0.0
6292755883,-0.0,0.0
6301086456,-0.0,0.0
6303366560,-0.0,0.0
6311730622,-0.0,0.0
6313908227,-0.0,0.0
6322301143,-0.0,0.0
6324476925,-0.0,0.0
6332924737,-0.0,0.0
6334882550,-0.0,0.0
6343320675,-0.0,0.0
6345303435,-0.0,0.0
6353687393,-0.0,0.0
6355698591,-0.0,0.0
6364134216,-0.0,0.0
6366074529,-0.0,0.0
6375238591,-0.0,0.0
6376902393,-0.0,0.0
6385700518,-0.0,0.0
6387330883,-0.0,0.0
6396131456,-0.0,0.0
6397710518,-0.0,0.0
6406946352,-0.0,0.0
6408214008,-0.0,0.0
6417398175,-0.0,0.0
6419102602,-0.0,0.0
6427828591,-0.0,0.0
6429605414,-0.0,0.0
6438456195,-0.0,0.0
6440098018,-0.0,0.0
6449152133,-0.0,0.0
6450579737,-0.0,0.0
6459847706,-0.0,0.0
6461097237,-0.0,0.0
6470225987,-0.0,0.0
6471483227,-0.0,0.0
6480785935,-0.0,0.0
6481968904,-0.0,0.0
6491222081,-0.0,0.0
6493051143,-0.0,0.0
6502250727,-0.0,0.0
6503476456,-0.0,0.0
6513339268,-0.0,0.0
6513857029,-0.0,0.0
6523763331,-0.0,0.0
6524236039,-0.0,0.0
6537920310,-0.0,0.0
6538290154,-0.0,0.0
6548228747,-0.0,0.0
6548670362,-0.0,0.0
6558553435,-0.0,0.0
6559067966,-0.0,0.0
6568901352,-0.0,0.21631205081939697
6592284685,-0.0,0.21631205081939697
6592542497,-0.0,0.21631205081939697
6602620779,-0.0,0.5
6636833539,-0.0,0.3289528787136078
6673745258,-0.0,0.3289528787136078
6674143122,-0.0,0.3289528787136078
6684472393,-0.0,0.0
6719338174,-0.0,0.0
6720275154,-0.0,0.0
6730429424,-0.0,0.0
6730814372,-0.0,0.0
6741115049,-0.0,0.0
6741508851,-0.0,0.0
6751872289,-0.0,0.0
6752359737,-0.0,0.0
6762555674,-0.0,0.0
6763033539,-0.0,0.0
6773150414,-0.0,0.0
6775554112,-0.0,0.0
6783905049,-0.0,0.0
6786002706,-0.0,0.0
6794464112,-0.0,0.0
6796605414,-0.0,0.0
6805800883,-0.0,0.0
6806997029,-0.0,0.0
6816245206,-0.0,0.0
6817499737,-0.0,0.0
6826644685,-0.0,0.0
6827940049,-0.0,0.0
6837026299,-0.0,0.0
6839238487,-0.0,0.0
6847522393,-0.0,0.0
6849824424,-0.0,0.0
6857907601,-0.0,0.0
6860321195,-0.0,0.0
6868384997,-0.0,0.0
6870892341,-0.0,0.0
6879072810,-0.0,0.0
6881560883,-0.0,0.0
6889844841,-0.0,0.0
6892354893,-0.0,0.0
6900493122,-0.0,0.0
6902783903,-0.0,0.0
6911071560,-0.0,0.0
6913311872,-0.0,0.0
6921762289,-0.0,0.007717983331531286
6923823487,-0.0,0.007717983331531286
6932586924,-0.0,0.007717983331531286
6934317028,-0.0,0.007717983331531286
6943202758,-0.0,0.007717983331531286
6944872341,-0.0,0.007717983331531286
6953869737,-0.0,0.007717983331531286
6955875310,-0.0,0.007717983331531286
6964792862,-0.0,0.02857738919556141
6987913278,-0.0,0.02857738919556141
6988271612,-0.0,0.02857738919556141
6998239528,-0.0,0.0
7021353174,-0.0,0.0
7021931351,-0.0,0.0
7031972289,-0.0,0.0
7032401039,-0.0,0.0
7042599424,-0.0,0.0
7043015466,-0.0,0.0
7053259268,-0.0,0.0
7053601351,-0.0,0.0
7064469372,-0.0,0.0
7064926299,-0.0,0.0
7074797341,-0.0,0.0
7075337966,-0.0,0.0
7085254424,-0.0,0.0
7085859893,-0.0,0.0
7099677758,-0.0,0.0
7100025153,-0.0,0.0
7110377705,-0.0,0.0
7110711299,-0.0,0.0
7121148070,-0.0,0.0
7121481768,-0.0,0.0
7131747393,-0.0,0.0
7132230258,-0.0,0.0
7142065883,-0.0,0.0
7142859580,-0.0,0.0
7152444008,-0.0,0.0
7153254580,-0.0,0.0
7162862705,-0.0,0.0
7163623435,-0.0,0.0
7173238851,-0.0,0.0
7174018851,-0.0,0.0
7183847080,-0.0,0.0
7184445049,-0.0,0.0
7194142445,-0.0,0.0
7194840935,-0.0,0.0
7204449424,-0.0,0.0
7205216195,-0.0,0.0
7214774112,-0.0,0.0
7215583278,-0.0,0.0
7225305310,-0.0,0.0
7226112810,-0.0,0.0
7235902080,-0.0,0.0
7236524633,-0.0,0.0
7246438695,-0.0,0.0
7247056195,-0.0,0.0
7257278278,-0.0,0.0
7257701716,-0.0,0.0
7269422914,-0.0,0.0
7269876351,-0.0,0.0
7280102758,-0.0,0.07863996922969818
7305601507,-0.0,0.07863996922969818
7306678435,-0.0,0.07863996922969818
7316221820,-0.0,0.07863996922969818
7317933643,-0.0,0.3414685130119324
7345504841,-0.0,0.3414685130119324
7346157705,-0.0,0.3414685130119324
7356160882,-0.0,0.3414685130119324
7356643018,-0.0,0.3414685130119324
7367000466,-0.0,0.5
7397464528,-0.0,0.5
7398080049,-0.0,0.5
7408451403,-0.0,0.24968712031841278
7437900622,-0.0,0.0
7466339164,-0.0,0.0
7466584632,-0.0,0.0
7476738382,-0.0,0.0
7477255935,-0.0,0.0
7487532445,-0.0,0.0
7488041612,-0.0,0.0
7498162289,-0.0,0.0
7498504320,-0.0,0.0
7508932237,-0.0,0.0
7509723903,-0.0,0.0
7519533382,-0.0,0.0
7520395153,-0.0,0.0
7530220205,-0.0,0.0
7530931664,-0.0,0.0
7540822237,-0.0,0.0
7541524476,-0.0,0.0
7551375153,-0.0,0.0
7551962809,-0.0,0.0
7562118799,-0.0,0.0
7562462289,-0.0,0.0
7572776351,-0.0,0.0
7573101820,-0.0,0.0
7583222237,-0.0,0.0
7583522914,-0.0,0.0
7594094737,-0.0,0.0
7594395414,-0.0,0.0
7606365414,-0.0,0.0
7606741924,-0.0,0.0
7617224372,-0.0,0.0
7618126351,-0.0,0.0
7628022809,-0.0,0.0
7628526507,-0.0,0.0
7639630778,-0.0,0.0
7639930726,-0.0,0.0
7649897393,-0.0,0.0
7650298174,-0.0,0.0
7660224007,-0.0,0.0
7660957393,-0.0,0.0
7671694320,-0.0,0.0
7672055674,-0.0,0.0
7683060674,-0.0,0.0
7683399216,-0.0,0.0
7693580205,-0.0,0.0
7694425466,-0.0,0.0
7704455622,-0.0,0.0
7704721716,-0.0,0.0
7714796143,-0.0,0.0
7715099268,-0.0,0.0
7725217914,-0.0,0.0
7725487966,-0.0,0.0
7735492497,-0.0,0.0
7735871976,-0.0,0.0
7745844789,-0.0,0.0
7746260726,-0.0,0.0
7756288799,-0.0,0.0
7756549111,-0.0,0.0
7766654007,-0.0,0.0
7766983070,-0.0,0.0
7777166299,-0.0,0.0
7777489684,-0.0,0.0
7787488434,-0.0,0.0
7788217497,-0.0,0.0
7797826247,-0.0,0.0
7798625518,-0.0,0.0
7808256455,-0.0,-0.11618690937757492
7838218591,-0.0,-0.07446808367967606
7869808174,-0.0,-0.07446808367967606
7870279476,-0.0,-0.07446808367967606
7880312289,-0.0,0.0
7912286455,-0.0,0.0
7912690882,-0.0,0.0
7922704997,-0.0,0.0
7923116924,-0.0,0.0
7933243486,-0.0,0.0
7933567705,-0.0,0.0
7943758174,-0.0,0.0
7944122341,-0.0,0.0
7954349580,-0.0,0.0
7954638226,-0.0,0.0
7964881038,-0.0,0.0
7965223382,-0.0,0.0
7975266143,-0.0,0.0
7975590726,-0.0,0.0
7985778643,-0.0,0.0
7986106820,-0.0,0.0
7996162966,-0.0,0.0
7996565518,-0.0,0.0
8006757809,-0.0,0.0
8007209007,-0.0,0.0
8018969788,-0.0,0.0
8019360570,-0.0,0.0
8029476924,-0.0,0.0
8030093434,-0.0,0.0
8040566768,-0.0,0.0
8041046924,-0.0,0.0
8051679997,-0.0,0.0
8052096455,-0.0,0.0
8062772236,-0.0,0.0
8063162601,-0.0,0.0
8073583226,-0.0,0.0
8073984059,-0.0,0.0
8083940830,-0.0,0.0
8084403486,-0.0,0.0
8094320726,-0.0,0.0
8094827288,-0.0,0.0
8105015570,-0.0,0.0
8106019007,-0.0,0.0
8115442653,-0.0,0.0
8117820830,-0.0,0.0
8129914476,-0.0,0.0
8130712705,-0.0,0.0
8140531507,-0.0,0.0
8141316091,-0.0,0.0
8151036924,-0.0,0.0
8151703695,-0.0,0.0
8161547861,-0.0,0.0
8162100726,-0.0,0.0
8172012028,-0.0,0.0
8172488486,-0.0,0.0
8182673434,-0.0,0.0
8183061611,-0.0,0.0
8193157236,-0.0,0.0
8193442497,-0.0,0.0
8203737445,-0.0,-0.066124327480793
8231074372,-0.0,-0.066124327480793
8231339840,-0.0,-0.066124327480793
8241542288,-0.0,-0.2663746476173401
8273421351,-0.0,-0.2663746476173401
8273908695,-0.0,-0.2663746476173401
8285032653,-0.0,-0.3122653365135193
8320933486,-0.0,0.0
8375309215,-0.0,0.0
8375953018,-0.0,0.0
8385669788,-0.0,0.0
8386434632,-0.0,0.0
8396079007,-0.0,0.0
8396934997,-0.0,0.0
8406475986,-0.0,0.0
8407326090,-0.0,0.0
8416811195,-0.0,0.0
8417735153,-0.0,0.0
8427154945,-0.0,0.0
8428156872,-0.0,0.0
8437867184,-0.0,0.0
8438600153,-0.0,0.0
8448205309,-0.0,0.0
8449006820,-0.0,0.0
8458636142,-0.0,0.0
8459399892,-0.0,0.0
8468974215,-0.0,0.0
8469806663,-0.0,0.0
8479744320,-0.0,0.0
8480726351,-0.0,0.0
8490181976,-0.0,0.0
8491654632,-0.0,0.0
8500604111,-0.0,0.0
8502505413,-0.0,0.0
8511266611,-0.0,0.0
8513126247,-0.0,0.0
8521860153,-0.0,0.0
8523734424,-0.0,0.0
8532557705,-0.0,0.0
8534451455,-0.0,0.0
8543164424,-0.0,0.0
8544939892,-0.0,0.0
8553730101,-0.0,0.0
8555433590,-0.0,0.0
8564302184,-0.0,0.0
8565922028,-0.0,0.0
8574655726,-0.0,0.0
8576297028,-0.0,0.0
8585102601,-0.0,0.0
8586675257,-0.0,0.0
8595502913,-0.0,0.0
8597600153,-0.0,0.0
8606749788,-0.0,0.0
8608031976,-0.0,0.0
8618693694,-0.0,0.0
8619067080,-0.0,0.0
8629054476,-0.0,0.0
8629449215,-0.0,0.0
8639383174,-0.0,0.0
8639845361,-0.0,0.0
8649903278,-0.0,0.0
8650208017,-0.0,0.0
8660194840,-0.0,0.0
8660763434,-0.0,0.0
8670553434,-0.0,0.0
8671169215,-0.0,0.0
8680869580,-0.0,0.0
8681701299,-0.0,0.0
8691610309,-0.0,0.0
8692263226,-0.0,0.0
8702369840,-0.0,0.0
8703764007,-0.0,0.0
8713128278,-0.0,0.0
8714271872,-0.0,0.0
8724093434,-0.0,0.0
8724806247,-0.0,0.0
8734725569,-0.0,0.0
8735315153,-0.0,0.0
8745634997,-0.0,0.0
8746120101,-0.0,0.0
8756770569,-0.0,0.0,310.560001373291
8757164319,-0.0,0.0,310.560001373291
8767364059,-0.0,0.0,310.560001373291
8767779476,-0.0,0.0,310.560001373291
8778055257,-0.0,0.0,310.560001373291
8778525309,-0.0,0.0,310.560001373291
8788703434,-0.0,0.0,310.560001373291
8789521767,-0.0,0.0,310.560001373291
8799300361,-0.0,0.0,310.560001373291
8799905882,-0.0,0.0,310.560001373291
8809662653,-0.0,0.0,310.5900001525879
8810306038,-0.0,0.0,310.5900001525879
8820124476,-0.0,0.0,310.5900001525879
8820714840,-0.0,0.0,310.5900001525879
8830483069,-0.0,0.0,310.5900001525879
8831181507,-0.0,0.0,310.5900001525879
8840855621,-0.0,0.0,310.5900001525879
8841599736,-0.0,0.0,310.5900001525879
8853977809,-0.0,0.0,310.5900001525879
8854271871,-0.0,0.0,310.5900001525879
8864542028,-0.0,0.0,310.5999984741211
8872270101,-0.0,0.0,310.5999984741211
8875031038,-0.0,0.0,310.5999984741211
8882848694,-0.0,0.0
8885684944,-0.0,0.0
8893942080,-0.0,0.0
8896150517,-0.0,0.0
8904584007,-0.0,0.0
8906678590,-0.0,0.0
8915229007,-0.0,0.0
8917306403,-0.0,0.0
8925888538,-0.0,0.0
8927923486,-0.0,0.0
8936433590,-0.0,0.0
8938440465,-0.0,0.0
8947126663,-0.0,0.0
8949536351,-0.0,0.0
8957848434,-0.0,0.0
8960105986,-0.0,0.0
8968723851,-0.0,0.0
8971925986,-0.0,0.0
8979509736,-0.0,0.0
8982556507,-0.0,0.0
8990906455,-0.0,0.0
8993357549,-0.0,0.0
9002233642,-0.0,0.0
9004028746,-0.0,0.0
9012875621,-0.0,0.0
9014556924,-0.0,0.0
9023442444,-0.0,0.0
9029844996,-0.0,0.0
9037516194,-0.0,0.0
9040295621,-0.0,0.0
9047913538,-0.0,0.0
9051054892,-0.0,0.0
9058364684,-0.0,0.0
9061585569,-0.0,0.0
9068983278,-0.0,0.0
9071959267,-0.0,0.0
9079445778,-0.0,0.0
9082372392,-0.0,0.0
9089853434,-0.0,0.0
9093065569,-0.0,0.0
9100345882,-0.0,0.0
9103468226,-0.0,0.0
9110924371,-0.0,0.0
9114027392,-0.0,0.0
9121306351,-0.0,0.0
9124476298,-0.0,0.0
9131741246,-0.0,0.0
9134870569,-0.0,0.0
9142120153,-0.0,0.0
9146295830,-0.0,0.0
9152795986,-0.0,0.0
9156876819,-0.0,0.0
9163366194,-0.0,0.0
9167315101,-0.0,0.0
9173984944,-0.0,0.0
9177791090,-0.0,0.0
9184530413,-0.0,0.0
9188503694,-0.0,0.0
9195264996,-0.0,0.0
9198942444,-0.0,0.0
9205935309,-0.0,0.0
9209422913,-0.0,0.0
9216740153,-0.0,0.0
9220279580,-0.0,0.0
9227821142,-0.0,0.0
9230822861,-0.0,0.0
9238268903,-0.0,0.0
9241396663,-0.0,0.0
9248770778,-0.0,0.0
9252011455,-0.0,0.0
9259220517,-0.0,0.0
9262412861,-0.0,0.0
9269849111,-0.0,0.0
9273049892,-0.0,0.0
9280381403,-0.0,0.0
9283521298,-0.0,0.0
9290959371,-0.0,0.0
9293997653,-0.0,0.0
9301504632,-0.0,0.0
9304411403,-0.0,0.0
9311966715,-0.0,0.0
9314833486,-0.0,0.0
9322384528,0.009637047350406646,0.0
9325350465,0.009637047350406646,0.0
9333046715,0.009637047350406646,0.0
9336088330,0.009637047350406646,0.0
9345139580,0.009637047350406646,0.0
9355305934,0.009637047350406646,0.0
9356878225,0.009637047350406646,0.0
9367273642,0.019649561494588852,0.0
9400061403,0.019649561494588852,0.0
9400386663,0.019649561494588852,0.0
9410385986,0.019649561494588852,0.0
9410894632,0.019649561494588852,0.0
9420810361,0.019649561494588852,0.0
9421461038,0.019649561494588852,0.0
9431589423,0.019649561494588852,0.0
9431948798,0.019649561494588852,0.0
9442279944,0.034668338298797605,0.0
9464151246,0.034668338298797605,0.0
9464451663,0.034668338298797605,0.0
9474502496,0.034668338298797605,0.0
9474914371,0.034668338298797605,0.0
9485007705,0.054693366587162014,0.0
9522341819,0.07221527248620986,0.0
9569709684,0.08723404705524444,0.0
9609629788,0.10225281715393066,0.0
9658205048,0.10475594401359557,0.0
9658755309,0.10475594401359557,0.0
9668683173,0.10475594401359557,0.0
9669248121,0.10475594401359557,0.0
9679210830,0.10475594401359557,0.0
9679723746,0.10475594401359557,0.0
9689704996,0.10475594401359557,0.0
9690188798,0.10475594401359557,0.0
9700234215,0.10475594401359557,0.0
9700600882,0.10475594401359557,0.0
9711267132,0.10475594401359557,0.0
9711598121,0.10475594401359557,0.0
9721870204,0.10725907981395721,0.0
9722183486,0.10725907981395721,0.0
9732315621,0.10725907981395721,0.0
9732647913,0.10725907981395721,0.0
9742826142,0.10725907981395721,0.0
9743142704,0.10725907981395721,0.0
9753288538,0.10725907981395721,0.0
9753624059,0.10725907981395721,0.0
9763854111,0.10976220667362213,0.0
9764210100,0.10976220667362213,0.0
9774504215,0.10976220667362213,0.0
9774912757,0.10976220667362213,0.0
9785224319,0.10976220667362213,0.0
9785572236,0.10976220667362213,0.0
9795648382,0.10976220667362213,0.0
9796253069,0.10976220667362213,0.0
9806638590,0.10976220667362213,0.0
9807012652,0.10976220667362213,0.0
9817175621,0.10976220667362213,0.0
9817688746,0.10976220667362213,0.0
9827708538,0.10976220667362213,0.0
9828045204,0.10976220667362213,0.0
9838197132,0.10976220667362213,0.0
9838607757,0.10976220667362213,0.0
9848611402,0.10976220667362213,0.0
9848966871,0.10976220667362213,0.0
9859009319,0.10976220667362213,0.0
9859361298,0.10976220667362213,0.0
9869564944,0.10976220667362213,0.0
9869997027,0.10976220667362213,0.0
9879967757,0.10976220667362213,0.0
9880550829,0.10976220667362213,0.0
9890489215,0.10976220667362213,0.0
9891149423,0.10976220667362213,0.0
9901248329,0.10976220667362213,0.0
9901915673,0.10976220667362213,0.0
9911726142,0.10976220667362213,0.0
9912379163,0.10976220667362213,0.0
9922255048,0.10976220667362213,0.0
9922944788,0.10976220667362213,0.0
9933383590,0.10976220667362213,0.0
9933754371,0.10976220667362213,0.0
9944288173,0.10976220667362213,0.0
9944637131,0.10976220667362213,0.0
9955219423,0.10976220667362213,0.0
9955592704,0.10976220667362213,0.0
9966204684,0.10976220667362213,0.0
9966585934,0.10976220667362213,0.0
9977286142,0.10976220667362213,0.0
9977645048,0.10976220667362213,0.0
9988605309,0.10976220667362213,0.0
9988992027,0.10976220667362213,0.0
9999486611,0.10976220667362213,0.0
9999873694,0.10976220667362213,0.0
10010423121,0.10976220667362213,0.0
10010771975,0.10976220667362213,0.0
10020937027,0.10976220667362213,0.0
10021332496,0.10976220667362213,0.0
10031581194,0.10976220667362213,0.0
10031954631,0.10976220667362213,0.0
10042689006,0.10976220667362213,0.0
10043057079,0.10976220667362213,0.0
10053740256,0.10976220667362213,0.0
10055248277,0.10976220667362213,0.0
10072059371,0.10976220667362213,0.0
10072453069,0.10976220667362213,0.0
10082596038,0.10976220667362213,0.0
10082980100,0.10976220667362213,0.0
10093098902,0.10976220667362213,0.0
10093497809,0.10976220667362213,0.0
10103638538,0.10976220667362213,0.0
10104066402,0.10976220667362213,0.0
10114768798,0.10976220667362213,0.0
10115175569,0.10976220667362213,0.0
10125330100,0.10976220667362213,0.0
10139539840,0.10976220667362213,0.0
10140580986,0.10976220667362213,0.0
10206897183,0.10976220667362213,0.0
10207907340,0.10976220667362213,0.0
10222124058,0.10976220667362213,0.0
10222658329,0.10976220667362213,0.0
10233190204,0.10976220667362213,0.0
10233525308,0.10976220667362213,0.0
10243534736,0.10976220667362213,0.0
10244251767,0.10976220667362213,0.0
10254067288,0.10976220667362213,0.0
10254698486,0.10976220667362213,0.0
10264451767,0.10976220667362213,0.0
10265100933,0.10976220667362213,0.0
10274808902,0.10976220667362213,0.0
10275508069,0.10976220667362213,0.0
10285232913,0.10976220667362213,0.0
10285924579,0.10976220667362213,0.0
10296156767,0.10976220667362213,0.0
10296519631,0.10976220667362213,0.0
10306522340,0.10976220667362213,0.0
10306838694,0.10976220667362213,0.0
10316960048,0.10976220667362213,0.0
10317263225,0.10976220667362213,0.0
10327291767,0.10976220667362213,0.0
10327595517,0.10976220667362213,0.0
10337703329,0.10976220667362213,0.0
10338288329,0.10976220667362213,0.0
10348415933,0.10976220667362213,0.0
10348730986,0.10976220667362213,0.0
10358903173,0.10976220667362213,0.0
10359215829,0.10976220667362213,0.0
10369303017,0.10976220667362213,0.0
10369637600,0.10976220667362213,0.0
10379678017,0.10976220667362213,0.0
10380006663,0.10976220667362213,0.0
10390033433,0.10976220667362213,0.0
10390342913,0.10976220667362213,0.0
10400481975,0.10976220667362213,0.0
10400799110,0.10976220667362213,0.0
10410818798,0.10976220667362213,0.0
10411186454,0.10976220667362213,0.0
10421358225,0.10976220667362213,0.0
10422370413,0.10976220667362213,0.0
10431800308,0.10976220667362213,0.0
10432949267,0.10976220667362213,0.0
10442305985,0.10976220667362213,0.0
10443728850,0.10976220667362213,0.0
10452684996,0.10976220667362213,0.0
10454229683,0.10976220667362213,0.0
10463109267,0.10976220667362213,0.0
10464755985,0.10976220667362213,0.0
10473820048,0.10976220667362213,0.0
10475297913,0.10976220667362213,0.0
10484713381,0.10976220667362213,0.0
10486517131,0.10976220667362213,0.0
10495368850,0.10976220667362213,0.0
10497197027,0.10976220667362213,0.0
10505876298,0.10976220667362213,0.0
10507721767,0.10976220667362213,0.0
10516416194,0.10976220667362213,0.0
10518144631,0.10976220667362213,0.0
10526933746,0.10976220667362213,0.0
10528606194,0.10976220667362213,0.0
10537405204,0.10976220667362213,0.0
10539052027,0.10976220667362213,0.0
10548084735,0.10976220667362213,0.0
10549503277,0.10976220667362213,0.0
10558481246,0.10976220667362213,0.0
10560093381,0.10976220667362213,0.0
10569095152,0.10976220667362213,0.0
10570600777,0.10976220667362213,0.0
10579890569,0.10976220667362213,0.0
10581052704,0.10976220667362213,0.0
10591126871,0.10976220667362213,0.0
10591516871,0.10976220667362213,0.0
10601624840,0.10976220667362213,0.0
10601996402,0.10976220667362213,0.0
10612101767,0.10976220667362213,0.0
10612477652,0.10976220667362213,0.0
10622649058,0.10976220667362213,0.0
10623021715,0.10976220667362213,0.0
10633133485,0.10976220667362213,0.0
10638080048,0.10976220667362213,0.0
10643624058,0.10976220667362213,0.0
10664991819,0.10976220667362213,0.0
10665621350,0.10976220667362213,0.0
10675947235,0.10976220667362213,0.0
10676438433,0.10976220667362213,0.0
10686783277,0.10976220667362213,0.0
10687324944,0.10976220667362213,0.0
10697478485,0.10976220667362213,0.0
10697924683,0.10976220667362213,0.0
10708121246,0.10976220667362213,0.0
10708502392,0.10976220667362213,0.0
10718798537,0.10976220667362213,0.0
10719287912,0.10976220667362213,0.0
10729933433,0.10976220667362213,0.0
10730410933,0.10976220667362213,0.0
10741870360,0.10976220667362213,0.0
10742303694,0.10976220667362213,0.0
10753241871,0.10976220667362213,0.0
10753721558,0.10976220667362213,0.0
10765476402,0.10976220667362213,0.0
10766395412,0.10976220667362213,0.0
10776039162,0.10976220667362213,0.0
10776880881,0.10976220667362213,0.0
10786447079,0.10976220667362213,0.0
10787308537,0.10976220667362213,0.0
10797017079,0.10976220667362213,0.0
10797738589,0.10976220667362213,0.0
10807395517,0.10976220667362213,0.0
10808180569,0.10976220667362213,0.0
10817770100,0.10976220667362213,0.0
10818877756,0.10976220667362213,0.0
10828802704,0.10976220667362213,0.0
10829365256,0.10976220667362213,0.0
10839345412,0.10976220667362213,0.0
10839830204,0.10976220667362213,0.0
10849889110,0.10976220667362213,0.0
10850252704,0.10976220667362213,0.0
10860424423,0.10976220667362213,0.0
10860826871,0.10976220667362213,0.0
10870985256,0.10976220667362213,0.0
10871363954,0.10976220667362213,0.0
10881497339,0.10976220667362213,0.0
10881879371,0.10976220667362213,0.0
10891995464,0.10976220667362213,0.0
10892330881,0.10976220667362213,0.0
10902961714,0.10976220667362213,0.0
10905973537,0.10976220667362213,0.0
10914091194,0.10976220667362213,0.0
10916651037,0.10976220667362213,0.0
10925009579,0.10976220667362213,0.0
10927947287,0.10976220667362213,0.0
10935523642,0.10976220667362213,0.0
10938491767,0.10976220667362213,0.0
10946107808,0.10976220667362213,0.0
10949093746,0.10976220667362213,0.0
10956769944,0.10976220667362213,0.0
10959619787,0.10976220667362213,0.0
10967722496,0.10976220667362213,0.0
10970314683,0.10976220667362213,0.0
10978671089,0.10976220667362213,0.0
10980892496,0.10976220667362213,0.0
10989858850,0.10976220667362213,0.0
10991618850,0.10976220667362213,0.0
11000793850,0.10976220667362213,0.0
11002268433,0.10976220667362213,0.0
11012036402,0.10976220667362213,0.0
11013115464,0.10976220667362213,0.0
11022673069,0.10976220667362213,0.0
11023857964,0.10976220667362213,0.0
11033645152,0.10976220667362213,0.0
11034369735,0.10976220667362213,0.0
11044245673,0.10976220667362213,0.0
11044835933,0.10976220667362213,0.0
11054781871,0.10976220667362213,0.0
11055588694,0.10976220667362213,0.0
11065226506,0.10976220667362213,0.0
11065983850,0.10976220667362213,0.0
11075802912,0.10976220667362213,0.0
11076472131,0.10976220667362213,0.0
11086200725,0.10976220667362213,0.0
11086871819,0.10976220667362213,0.0
11096584058,0.10976220667362213,0.0
11097330048,0.10976220667362213,0.0
11107222548,0.10976220667362213,0.0
11107808850,0.10976220667362213,0.0
11117645412,0.10976220667362213,0.0
11118258173,0.10976220667362213,0.0
11128094527,0.10976220667362213,0.0
11128715204,0.10976220667362213,0.0
11138444839,0.10976220667362213,0.0
11139197704,0.10976220667362213,0.0
11148934579,0.10976220667362213,0.0
11164895152,0.10976220667362213,0.0
11165307183,0.10976220667362213,0.0
11175480412,0.10976220667362213,0.0
11175946558,0.10976220667362213,0.0
11186000621,0.10976220667362213,0.0
11186365152,0.10976220667362213,0.0
11196808485,0.10976220667362213,0.0
11197181037,0.10976220667362213,0.0
11207346610,0.10976220667362213,0.0
11207969839,0.10976220667362213,0.0
11217920048,0.10976220667362213,0.0
11218450933,0.10976220667362213,0.0
11228523433,0.10976220667362213,0.0
11228893641,0.10976220667362213,0.0
11239061037,0.10976220667362213,0.0
11239404214,0.10976220667362213,0.0
11249865673,0.10976220667362213,0.0
11250329996,0.10976220667362213,0.0
11260366714,0.10976220667362213,0.0
11260743589,0.10976220667362213,0.0
11270883850,0.10976220667362213,0.0
11271246037,0.10976220667362213,0.0
11281392600,0.10976220667362213,0.0
11281773902,0.10976220667362213,0.0
11291878641,0.10976220667362213,0.0
11292274735,0.10976220667362213,0.0
11302438746,0.10976220667362213,0.0
11303989891,0.10976220667362213,0.0
11313169996,0.10976220667362213,0.0
11314683225,0.10976220667362213,0.0
11324033746,0.10976220667362213,0.0
11325145933,0.10976220667362213,0.0
11334572027,0.10976220667362213,0.0
11335824475,0.10976220667362213,0.0
11345152183,0.10976220667362213,0.0
11346387912,0.10976220667362213,0.0
11356031402,0.10976220667362213,0.0
11357312131,0.10976220667362213,0.0
11367237756,0.10976220667362213,0.0
11367801558,0.10976220667362213,0.0
11377976923,0.10976220667362213,0.0
11378612964,0.10976220667362213,0.0
11388721662,0.10976220667362213,0.0
11389140985,0.10976220667362213,0.0
11399235204,0.10976220667362213,0.0
11399639683,0.10976220667362213,0.0
11411016818,0.10976220667362213,0.0
11412516558,0.10976220667362213,0.0
11422539996,0.10976220667362213,0.0
11422917183,0.10976220667362213,0.0
11433264579,0.10976220667362213,0.0
11433634787,0.10976220667362213,0.0
11443802652,0.10976220667362213,0.0
11444220412,0.10976220667362213,0.0
11454743693,0.10976220667362213,0.0
11455104266,0.10976220667362213,0.0
11465869943,0.10976220667362213,0.0
11466237131,0.10976220667362213,0.0
11476347860,0.10976220667362213,0.0
11476742756,0.10976220667362213,0.0
11486880985,0.10976220667362213,0.0
11487274475,0.10976220667362213,0.0
11497440881,0.10976220667362213,0.0
11497870256,0.10976220667362213,0.0
11508337235,0.10976220667362213,0.0
11508774839,0.10976220667362213,0.0
11518896298,0.10976220667362213,0.0
11519236923,0.10976220667362213,0.0
11529257964,0.10976220667362213,0.0
11529585777,0.10976220667362213,0.0
11539673537,0.10976220667362213,0.0
11540024527,0.10976220667362213,0.0
11550049110,0.10976220667362213,0.0
11550353173,0.10976220667362213,0.0
11560376350,0.10976220667362213,0.0
11560779943,0.10976220667362213,0.0
11570744995,0.10976220667362213,0.0
11571271298,0.10976220667362213,0.0
11581119735,0.10976220667362213,0.0
11581863798,0.10976220667362213,0.0
11591502756,0.10976220667362213,0.0
11592268173,0.10976220667362213,0.0
11602091923,0.10976220667362213,0.0
11602783902,0.10976220667362213,0.0
11612782600,0.10976220667362213,0.0
11613204318,0.10976220667362213,0.0
11623255360,0.10976220667362213,0.0
11623576975,0.10976220667362213,0.0
11633618954,0.10976220667362213,0.0
11634024527,0.10976220667362213,0.0
11643968798,0.10976220667362213,0.0
11645196037,0.10976220667362213,0.0
11654348850,0.10976220667362213,0.0
11665821558,0.10976220667362213,0.0
11666177235,0.10976220667362213,0.0
11676829318,0.10976220667362213,0.0
11677408433,0.10976220667362213,0.0
11687648850,0.10976220667362213,0.0
11688245412,0.10976220667362213,0.0
11698207808,0.10976220667362213,0.0
11698904475,0.10976220667362213,0.0
11708811922,0.10976220667362213,0.0
11709439475,0.10976220667362213,0.0
11719448225,0.10976220667362213,0.0
11719917131,0.10976220667362213,0.0
11730098329,0.10976220667362213,0.0
11730930985,0.10976220667362213,0.0
11740881193,0.10976220667362213,0.0
11741495152,0.10976220667362213,0.0
11751347339,0.10976220667362213,0.0
11751986610,0.10976220667362213,0.0
11761828850,0.10976220667362213,0.0
11762472027,0.10976220667362213,0.0
11772258120,0.10976220667362213,0.0
11772972391,0.10976220667362213,0.0
11782697600,0.10976220667362213,0.0
11783495100,0.10976220667362213,0.0
11793345829,0.10976220667362213,0.0
11794359839,0.10976220667362213,0.0
11804559266,0.10976220667362213,0.0
11805230464,0.10976220667362213,0.0
11815619839,0.10976220667362213,0.0
11816597443,0.10976220667362213,0.0
11828272600,0.10976220667362213,0.0
11828712756,0.10976220667362213,0.0
11839262443,0.10976220667362213,0.0
11840662652,0.10976220667362213,0.0
11850171350,0.10976220667362213,0.0
11851815308,0.10976220667362213,0.0
11860924943,0.10976220667362213,0.0
11863446558,0.10976220667362213,0.0
11871692391,0.10976220667362213,0.0
11874114579,0.10976220667362213,0.0
11882670360,0.10976220667362213,0.0
11885859162,0.10976220667362213,0.0
11894652547,0.10976220667362213,0.0
11896845099,0.10976220667362213,0.0
11905144995,0.10976220667362213,0.0
11907321193,0.10976220667362213,0.0
11916005360,0.10976220667362213,0.0
11917789006,0.10976220667362213,0.0
11926637079,0.10976220667362213,0.0
11928636558,0.10976220667362213,0.0
11937237495,0.10976220667362213,0.0
11939126922,0.10976220667362213,0.0
11947994943,0.10976220667362213,0.0
11949671870,0.10976220667362213,0.0
11958820204,0.10976220667362213,0.0
11960278068,0.10976220667362213,0.0
11969464579,0.10976220667362213,0.0
11970890152,0.10976220667362213,0.0
11980909735,0.10976220667362213,0.0
11981247079,0.10976220667362213,0.0
11991828224,0.10976220667362213,0.0
11992181297,0.10976220667362213,0.0
12004804318,0.10976220667362213,0.0
12005218797,0.10976220667362213,0.0
12015325204,0.10976220667362213,0.0
12015676922,0.10976220667362213,0.0
12026153902,0.10976220667362213,0.0
12026492547,0.10976220667362213,0.0
12037268068,0.10976220667362213,0.0
12037666714,0.10976220667362213,0.0
12047835933,0.10976220667362213,0.0
12048206193,0.10976220667362213,0.0
12058347704,0.10976220667362213,0.0
12058724839,0.10976220667362213,0.0
12070767027,0.10976220667362213,0.0
12071228745,0.10976220667362213,0.0
12081337547,0.10976220667362213,0.0
12081709735,0.10976220667362213,0.0
12092374787,0.10976220667362213,0.0
12092827704,0.10976220667362213,0.0
12102912912,0.10976220667362213,0.0
12103288329,0.10976220667362213,0.0
12113529370,0.10976220667362213,0.0
12113920985,0.10976220667362213,0.0
12123867183,0.10976220667362213,0.0
12124351506,0.10976220667362213,0.0
12134373329,0.10976220667362213,0.0
12134735568,0.10976220667362213,0.0
12144802339,0.10976220667362213,0.0
12147589006,0.10976220667362213,0.0
12155146922,0.10976220667362213,0.0
12168985516,0.10976220667362213,0.0
12169299891,0.10976220667362213,0.0
12179508901,0.10976220667362213,0.0
12179888589,0.10976220667362213,0.0
12190414631,0.10976220667362213,0.0
12190756714,0.10976220667362213,0.0
12201440516,0.10976220667362213,0.0
12201791714,0.10976220667362213,0.0
12212424422,0.10976220667362213,0.0
12212794162,0.10976220667362213,0.0
12223409787,0.10976220667362213,0.0
12223792808,0.10976220667362213,0.0
12234555985,0.10976220667362213,0.0
12234978381,0.10976220667362213,0.0
12245056089,0.10976220667362213,0.0
12245424266,0.10976220667362213,0.0
12255563433,0.10976220667362213,0.0
12255996506,0.10976220667362213,0.0
12266481610,0.10976220667362213,0.0
12266882495,0.10976220667362213,0.0
12276986245,0.10976220667362213,0.0
12277377651,0.10976220667362213,0.0
12287542860,0.10976220667362213,0.0
12287916870,0.10976220667362213,0.0
12298431714,0.10976220667362213,0.0
12298805776,0.10976220667362213,0.0
12309025881,0.10976220667362213,0.0
12309326558,0.10976220667362213,0.0
12319389214,0.10976220667362213,0.0
12319720620,0.10976220667362213,0.0
12329804735,0.10976220667362213,0.0
12330114422,0.10976220667362213,0.0
12340249422,0.10976220667362213,0.0
12340524162,0.10976220667362213,0.0
12350764943,0.10976220667362213,0.0
12351187078,0.10976220667362213,0.0
12361145620,0.10976220667362213,0.0
12361623068,0.10976220667362213,0.0
12371739839,0.10976220667362213,0.0
12372067651,0.10976220667362213,0.0
12382716662,0.10976220667362213,0.0
12383124422,0.10976220667362213,0.0
12393184995,0.10976220667362213,0.0
12393569995,0.10976220667362213,0.0
12404097078,0.10976220667362213,0.0
12404474787,0.10976220667362213,0.0
12414706818,0.10976220667362213,0.0
12415080464,0.10976220667362213,0.0
12425216297,0.10976220667362213,0.0
12425699058,0.10976220667362213,0.0
12435849787,0.10976220667362213,0.0
12436238016,0.10976220667362213,0.0
12446354839,0.10976220667362213,0.0
12446721558,0.10976220667362213,0.0
12456877495,0.10976220667362213,0.0
12457275360,0.10976220667362213,0.0
12467542599,0.10976220667362213,0.0
12468022339,0.10976220667362213,0.0
12478068224,0.10976220667362213,0.0
12478435672,0.10976220667362213,0.0
12488954891,0.10976220667362213,0.0
12489336766,0.10976220667362213,0.0
12499571974,0.10976220667362213,0.0
12499969631,0.10976220667362213,0.0
12510318068,0.10976220667362213,0.0
12510659787,0.10976220667362213,0.0
12520833797,0.10976220667362213,0.0
12521179891,0.10976220667362213,0.0
12531283589,0.10976220667362213,0.0
12531623276,0.10976220667362213,0.0
12541806610,0.10976220667362213,0.0
12543197130,0.10976220667362213,0.0
12552239787,0.10976220667362213,0.0
12554033276,0.10976220667362213,0.0
12565009214,0.10976220667362213,0.0
12565544058,0.10976220667362213,0.0
12577471505,0.10976220667362213,0.0
12578006610,0.10976220667362213,0.0
12588522651,0.10976220667362213,0.0
12590266766,0.10976220667362213,0.0
12600257391,0.10976220667362213,0.0
12601742443,0.10976220667362213,0.0
12611752860,0.10976220667362213,0.0
12612350516,0.10976220667362213,0.0
12622778120,0.10976220667362213,0.0
12623297964,0.10976220667362213,0.0
12633130360,0.10976220667362213,0.0
12633677287,0.10976220667362213,0.0
12643792235,0.10976220667362213,0.0
12644137599,0.10976220667362213,0.0
12654144630,0.10976220667362213,0.0
12677047495,0.10976220667362213,0.0
12677704005,0.10976220667362213,0.0
12687628901,0.10976220667362213,0.0
12688249266,0.10976220667362213,0.0
12698057026,0.10976220667362213,0.0
12698670933,0.10976220667362213,0.0
12708446141,0.10976220667362213,0.0
12709085724,0.10976220667362213,0.0
12718816662,0.10976220667362213,0.0
12719595203,0.10976220667362213,0.0
12729388693,0.10976220667362213,0.0
12730107547,0.10976220667362213,0.0
12739984995,0.10976220667362213,0.0
12740609735,0.10976220667362213,0.0
12750524735,0.10976220667362213,0.0
12751075828,0.10976220667362213,0.0
12761013537,0.10976220667362213,0.0
12761499005,0.10976220667362213,0.0
12771640360,0.10976220667362213,0.0
12772045516,0.10976220667362213,0.0
12782262026,0.10976220667362213,0.0
12782630307,0.10976220667362213,0.0
12792791037,0.10976220667362213,0.0
12793144578,0.10976220667362213,0.0
12803311610,0.10976220667362213,0.0
12803621766,0.10976220667362213,0.0
12813852547,0.10976220667362213,0.0
12814168172,0.10976220667362213,0.0
12824260985,0.10976220667362213,0.0
12824572182,0.10976220667362213,0.0
12837384110,0.10976220667362213,0.0
12837836349,0.10976220667362213,0.0
12848446974,0.10976220667362213,0.0
12848829005,0.10976220667362213,0.0
12859083901,0.10976220667362213,0.0
12859406245,0.10976220667362213,0.0
12869595985,0.10976220667362213,0.0
12869977547,0.10976220667362213,0.0
12880239266,0.10976220667362213,0.0
12880602755,0.10976220667362213,0.0
12890754630,0.10976220667362213,0.0
12891112130,0.10976220667362213,0.0
12901662755,0.10976220667362213,0.0
12901978380,0.10976220667362213,0.0
12912148276,0.10976220667362213,0.0
12912534682,0.10976220667362213,0.0
12922677807,0.10976220667362213,0.0
12923011037,0.10976220667362213,0.0
12933167443,0.10976220667362213,0.0
12933504578,0.10976220667362213,0.0
12943923589,0.10976220667362213,0.0
12944380360,0.10976220667362213,0.0
12954434630,0.10976220667362213,0.0
12954758745,0.10976220667362213,0.0
12964893485,0.10976220667362213,0.0
12965218224,0.10976220667362213,0.0
12975244943,0.10976220667362213,0.0
12975566922,0.10976220667362213,0.0
12985770620,0.10976220667362213,0.0
12986124891,0.10976220667362213,0.0
12996172443,0.10976220667362213,0.0
12996586609,0.10976220667362213,0.0
13006696401,0.10976220667362213,0.0
13007089630,0.10976220667362213,0.0
13018118693,0.10976220667362213,0.0
13018649630,0.10976220667362213,0.0
13028987547,0.10976220667362213,0.0
13029371662,0.10976220667362213,0.0
13039500620,0.10976220667362213,0.0
13039876193,0.10976220667362213,0.0
13050058693,0.10976220667362213,0.0
13050394214,0.10976220667362213,0.0
13060662339,0.10976220667362213,0.0
13061013380,0.10976220667362213,0.0
13071313901,0.10976220667362213,0.0
13071663068,0.10976220667362213,0.0
13081847391,0.10976220667362213,0.0
13082196505,0.10976220667362213,0.0
13092348484,0.10976220667362213,0.0
13092711089,0.10976220667362213,0.0
13104097443,0.10976220667362213,0.0
13104511505,0.10976220667362213,0.0
13114526401,0.10976220667362213,0.0
13114833328,0.10976220667362213,0.0
13125097182,0.10976220667362213,0.0
13125411037,0.10976220667362213,0.0
13135718641,0.10976220667362213,0.0
13136334682,0.10976220667362213,0.0
13146229162,0.10976220667362213,0.0
13146880828,0.10976220667362213,0.0
13156805412,0.10976220667362213,0.0
13158695984,0.10976220667362213,0.0
13167209162,0.10976220667362213,0.0
13193886245,0.10976220667362213,0.0
13194339057,0.10976220667362213,0.0
13204407547,0.10976220667362213,0.0
13204798589,0.10976220667362213,0.0
13215154318,0.10976220667362213,0.0
13215619526,0.10976220667362213,0.0
13225716141,0.10976220667362213,0.0
13226112703,0.10976220667362213,0.0
13236403484,0.10976220667362213,0.0
13236752755,0.08473092019557953,0.0
13274551089,0.08473092019557953,0.0
13275060411,0.08473092019557953,0.0
13285808797,0.017146433517336846,0.0
13328896193,-0.0,0.0
13366952130,-0.0,0.0
13368099474,-0.0,0.0
13377367443,-0.0,0.0
13378585151,-0.0,0.0
13387833172,-0.0,0.0
13389278276,-0.0,0.0
13398359161,-0.0,0.0
13399888953,-0.0,0.0
13409008224,-0.0,0.0
13410333068,-0.0,0.0
13419605672,-0.0,0.0
13420832078,-0.0,0.0
13430063432,-0.0,0.0
13431305307,-0.0,0.0
13441060724,-0.0,0.0
13441796401,-0.0,0.0
13451447963,-0.0,0.0
13452288432,-0.0,0.0
13461812599,-0.0,0.0
13462742651,-0.0,0.0
13472425672,-0.0,0.0
13473230984,-0.0,0.0
13483074057,-0.0,0.0
13483694057,-0.0,0.0
13493419578,-0.0,0.0
13495001870,-0.0,0.0
13504228536,-0.0,0.0
13505475307,-0.0,0.0
13515000463,-0.0,0.0
13516004734,-0.0,0.0
13525666557,-0.0,0.0
13526565307,-0.0,0.0
13536502963,-0.0,0.0
13537035307,-0.0,0.0
13547384682,-0.0,0.0
13547686557,-0.0,0.0
13557999734,-0.0,0.0
13558416661,-0.0,0.0
13568456193,-0.0,0.0
13568751766,-0.0,0.0
13579530880,-0.0,0.0
13580512547,-0.0,0.0
13589983224,-0.0,0.0
13590910776,-0.0,0.0
13600299630,-0.0,0.0
13601294161,-0.0,0.0
13610674734,-0.0,0.0
13611865724,-0.0,0.0
13621031974,-0.0,0.0
13622419630,-0.0,0.0
13631380932,-0.0,0.0
13632800828,-0.0,0.0
13641799578,-0.0,0.0
13643231870,-0.0,0.0
13652175151,-0.0,0.0
13653593120,-0.0,0.0
13662800255,-0.0,0.0
13664050359,-0.0,0.0
13673344005,-0.0,0.0
13674521974,-0.0,0.0
13683961661,-0.0,0.0
13685123172,-0.0,0.0
13694925411,-0.0,0.0
13695597755,-0.0,0.0
13705678432,-0.0,0.0
13706073328,-0.0,0.0
13716166401,-0.0,0.0
13716561297,-0.0,0.0
13726876297,-0.0,0.0
13727269526,-0.0,0.0
13737548797,-0.0,0.0
13738104370,-0.0,0.0
13748132234,-0.0,0.0
13748524734,-0.0,0.0
13758714890,-0.0,0.0
13759173797,-0.0,0.0
13769325463,-0.0,0.0
13769682703,-0.0,0.0
13779656140,-0.0,0.0
13780081349,-0.0,0.0
13790022078,-0.0,0.0
13790442859,-0.0,0.0
13800331818,-0.0,0.0
13800824630,-0.0,0.0
13810953120,-0.0,0.0
13811243120,-0.0,0.0
13821465411,-0.0,0.0
13821758068,-0.0,0.0
13832764526,-0.0,0.0
13833065411,-0.0,0.0
13843054318,-0.0,0.0
13853591713,-0.0,0.0
13854567442,-0.0,0.0
13864389057,-0.0,0.0
13883195203,-0.0,0.0
13884085567,-0.0,0.0
13893863484,-0.0,0.0
13894569526,-0.0,0.0
13904386453,-0.0,0.0
13905000099,-0.0,0.0
13914925567,-0.0,0.0
13915411505,-0.0,0.0
13925950307,-0.0,0.0
13926249317,-0.0,0.0
13936267599,-0.0,0.0
13936575047,-0.0,0.0
13946579786,-0.0,0.0
13946908172,-0.0,0.0
13957061088,-0.0,0.0
13957366140,-0.0,0.0
13967763588,-0.0,0.0
13968087911,-0.0,0.0
13978248276,-0.0,0.0
13978576088,-0.0,0.0
13988545828,-0.0,0.0
13989083432,-0.0,0.0
13998885515,-0.0,-0.057780563831329346
14019351922,-0.0,-0.057780563831329346
14019837442,-0.0,-0.057780563831329346
14030077755,-0.0,-0.057780563831329346
14030524317,-0.0,-0.057780563831329346
14040852963,-0.0,-0.11618690937757492
14104769265,-0.0,-0.1912807673215866
14154723953,-0.0,-0.24551524221897125
14182867859,-0.0,-0.24551524221897125
14183287859,-0.0,-0.24551524221897125
14193460724,-0.0,-0.24551524221897125
14193855567,-0.0,-0.24551524221897125
14204075411,-0.0,-0.24551524221897125
14204537182,-0.0,-0.24551524221897125
14214735463,-0.0,-0.24551524221897125
14215227599,-0.0,-0.24551524221897125
14225817286,-0.0,-0.24551524221897125
14226363484,-0.0,-0.24551524221897125
14236443276,-0.0,-0.24551524221897125
14236806088,-0.0,-0.24551524221897125
14247040411,-0.0,-0.24551524221897125
14247406713,-0.0,-0.24551524221897125
14257596713,-0.0,-0.24551524221897125
14257956401,-0.0,-0.24551524221897125
14268128067,-0.0,-0.24551524221897125
14268490672,-0.0,-0.24551524221897125
14278665515,-0.0,-0.24551524221897125
14279029630,-0.0,-0.24551524221897125
14289229213,-0.0,-0.24551524221897125
14289825828,-0.0,-0.24551524221897125
14299915255,-0.0,-0.24551524221897125
14300326244,-0.0,-0.24551524221897125
14311014057,-0.0,-0.24551524221897125
14311471349,-0.0,-0.24551524221897125
14322527963,-0.0,-0.24551524221897125
14322962078,-0.0,-0.24551524221897125
14333293224,-0.0,-0.24551524221897125
14333793171,-0.0,-0.24551524221897125
14344065724,-0.0,-0.24551524221897125
14344477546,-0.0,-0.24551524221897125
14354529474,-0.0,-0.24551524221897125
14354978588,-0.0,-0.24551524221897125
14364897338,-0.0,-0.24551524221897125
14365449421,-0.0,-0.24551524221897125
14375593171,-0.0,-0.24551524221897125
14375990307,-0.0,-0.24551524221897125
14386092963,-0.0,-0.24551524221897125
14386468849,-0.0,-0.24551524221897125
14396670203,-0.0,-0.24551524221897125
14397675724,-0.0,-0.24551524221897125
14407218224,-0.0,-0.24551524221897125
14408163119,-0.0,-0.24551524221897125
14417854005,-0.0,-0.24551524221897125
14418625619,-0.0,-0.24551524221897125
14428428640,-0.0,-0.24551524221897125
14429077911,-0.0,-0.24551524221897125
14439667703,-0.0,-0.24551524221897125
14440090203,-0.0,-0.24551524221897125
14450559005,-0.0,-0.24551524221897125
14450960515,-0.0,-0.24551524221897125
14461586765,-0.0,-0.24551524221897125
14461984734,-0.0,-0.24551524221897125
14472089734,-0.0,-0.24551524221897125
14472514578,-0.0,-0.24551524221897125
14482561765,-0.0,-0.24551524221897125
14482892546,-0.0,-0.24551524221897125
14493096140,-0.0,-0.24551524221897125
14493415463,-0.0,-0.24551524221897125
14503444005,-0.0,-0.24551524221897125
14503779682,-0.0,-0.24551524221897125
14513774421,-0.0,-0.24551524221897125
14514241661,-0.0,-0.24551524221897125
14524288067,-0.0,-0.24551524221897125
14524645723,-0.0,-0.24551524221897125
14534872703,-0.0,-0.24551524221897125
14535455567,-0.0,-0.24551524221897125
14548173223,-0.0,-0.24551524221897125
14548558848,-0.0,-0.24551524221897125
14558992130,-0.0,-0.24551524221897125
14559424473,-0.0,-0.24551524221897125
14570252182,-0.0,-0.24551524221897125
14570695723,-0.0,-0.24551524221897125
14580977859,-0.0,-0.24551524221897125
14581444786,-0.0,-0.24551524221897125
14591375359,-0.0,-0.24551524221897125
14591934473,-0.0,-0.24551524221897125
14601828484,-0.0,-0.24551524221897125
14602516869,-0.0,-0.24551524221897125
14612394369,-0.0,-0.24551524221897125
14613224578,-0.0,-0.24551524221897125
14623150619,-0.0,-0.24551524221897125
14623621661,-0.0,-0.24551524221897125
14633494786,-0.0,-0.24551524221897125
14634145463,-0.0,-0.24551524221897125
14643861609,-0.0,-0.24551524221897125
14644587546,-0.0,-0.24551524221897125
14654303536,-0.0,-0.24551524221897125
14655022338,-0.0,-0.24551524221897125
14700067390,-0.0,-0.24551524221897125
14700339682,-0.0,-0.24551524221897125
14710386869,-0.0,-0.24551524221897125
14710740307,-0.0,-0.24551524221897125
14720863275,-0.0,-0.24551524221897125
14721173536,-0.0,-0.24551524221897125
14731178432,-0.0,-0.24551524221897125
14731499890,-0.0,-0.24551524221897125
14741655515,-0.0,-0.24551524221897125
14742014473,-0.0,-0.24551524221897125
14752086921,-0.0,-0.24551524221897125
14752371661,-0.0,-0.24551524221897125
14762416036,-0.0,-0.24551524221897125
14762903588,-0.0,-0.24551524221897125
14772918328,-0.0,-0.24551524221897125
14773925411,-0.0,-0.24551524221897125
14783330411,-0.0,-0.24551524221897125
14784351661,-0.0,-0.24551524221897125
14793697859,-0.0,-0.24551524221897125
14794770515,-0.0,-0.24551524221897125
14804112963,-0.0,-0.24551524221897125
14805190671,-0.0,-0.24551524221897125
14814501869,-0.0,-0.24551524221897125
14815663119,-0.0,-0.24551524221897125
14825142703,-0.0,-0.24551524221897125
14826069005,-0.0,-0.24551524221897125
14835517390,-0.0,-0.24551524221897125
14836765932,-0.0,-0.24551524221897125
14845899213,-0.0,-0.24551524221897125
14847251453,-0.0,-0.24551524221897125
14856701453,-0.0,-0.24551524221897125
14857704005,-0.0,-0.24551524221897125
14867224890,-0.0,-0.24551524221897125
14868181557,-0.0,-0.24551524221897125
14877809057,-0.0,-0.24551524221897125
14878778432,-0.0,-0.24551524221897125
14888749161,-0.0,-0.24551524221897125
14890458275,-0.0,-0.24551524221897125
14900375515,-0.0,-0.24551524221897125
14901150307,-0.0,-0.24551524221897125
14911504421,-0.0,-0.24551524221897125
14911926609,-0.0,-0.24551524221897125
14922070098,-0.0,-0.24551524221897125
14924374421,-0.0,-0.24551524221897125
14932622494,-0.0,-0.24551524221897125
14934834734,-0.0,-0.24551524221897125
14943233588,-0.0,-0.24551524221897125
14945964421,-0.0,-0.24551524221897125
14953785827,-0.0,-0.24551524221897125
14956523119,-0.0,-0.24551524221897125
14968952807,-0.0,-0.24551524221897125
14969303015,-0.0,-0.24551524221897125
14980026088,-0.0,-0.24551524221897125
14980417807,-0.0,-0.24551524221897125
14990553536,-0.0,-0.24551524221897125
14990955775,-0.0,-0.24551524221897125
15001140150,-0.0,-0.24551524221897125
15001506296,-0.0,-0.24551524221897125
15011775255,-0.0,-0.24551524221897125
15012120255,-0.0,-0.24551524221897125
15022123796,-0.0,-0.24551524221897125
15022623900,-0.0,-0.24551524221897125
15032768744,-0.0,-0.24551524221897125
15033128432,-0.0,-0.24551524221897125
15043088848,-0.0,-0.24551524221897125
15043536348,-0.0,-0.24551524221897125
15053428275,-0.0,-0.24551524221897125
15053974369,-0.0,-0.24551524221897125
15063776400,-0.0,-0.24551524221897125
15064899369,-0.0,-0.24551524221897125
15074194213,-0.0,-0.24551524221897125
15075452286,-0.0,-0.24551524221897125
15084979525,-0.0,-0.24551524221897125
15085860359,-0.0,-0.24551524221897125
15095364994,-0.0,-0.24551524221897125
15096474421,-0.0,-0.24551524221897125
15106153015,-0.0,-0.24551524221897125
15107962234,-0.0,-0.24551524221897125
15117125984,-0.0,-0.24551524221897125
15118989630,-0.0,-0.24551524221897125
15127860619,-0.0,-0.24551524221897125
15129491973,-0.0,-0.24551524221897125
15138700984,-0.0,-0.24551524221897125
15140102442,-0.0,-0.24551524221897125
15149357807,-0.0,-0.24551524221897125
15150735150,-0.0,-0.24551524221897125
15160086713,-0.0,-0.24551524221897125
15171404369,-0.0,-0.24551524221897125
15172262234,-0.0,-0.24551524221897125
15182005359,-0.0,-0.24551524221897125
15200628119,-0.0,-0.24551524221897125
15201190463,-0.0,-0.24551524221897125
15211523275,-0.0,-0.24551524221897125
15212165411,-0.0,-0.24551524221897125
15222299525,-0.0,-0.24551524221897125
15222735359,-0.0,-0.24551524221897125
15233838588,-0.0,-0.24551524221897125
15234268067,-0.0,-0.24551524221897125
15244538588,-0.0,-0.24551524221897125
15245083223,-0.0,-0.24551524221897125
15255169734,-0.0,-0.24551524221897125
15255526973,-0.0,-0.24551524221897125
15265774525,-0.0,-0.24551524221897125
15266152442,-0.0,-0.24551524221897125
15276295671,-0.0,-0.24551524221897125
15276698744,-0.0,-0.24551524221897125
15286812182,-0.0,-0.24551524221897125
15287173015,-0.0,-0.24551524221897125
15297409577,-0.0,-0.24551524221897125
15297807182,-0.0,-0.24551524221897125
15307821504,-0.0,-0.24551524221897125
15308187702,-0.0,-0.24551524221897125
15318515567,-0.0,-0.24551524221897125
15319110307,-0.0,-0.24968712031841278
15329060932,-0.0,-0.24968712031841278
15329587390,-0.0,-0.24968712031841278
15339634109,-0.0,-0.24968712031841278
15340045046,-0.0,-0.24968712031841278
15350166452,-0.0,-0.24968712031841278
15350561088,-0.0,-0.24968712031841278
15360661973,-0.0,-0.24968712031841278
15361049786,-0.0,-0.24968712031841278
15371187442,-0.0,-0.24968712031841278
15371722025,-0.0,-0.24968712031841278
15381815671,-0.0,-0.24968712031841278
15382184109,-0.0,-0.24968712031841278
15392356817,-0.0,-0.24968712031841278
15392729213,-0.0,-0.24968712031841278
15402846609,-0.0,-0.2538590133190155
15443251609,-0.0,-0.2538590133190155
15443662650,-0.0,-0.2538590133190155
15453694681,-0.0,-0.2538590133190155
15454049473,-0.0,-0.2538590133190155
15464461192,-0.0,-0.2538590133190155
15464777338,-0.0,-0.2538590133190155
15474777286,-0.0,-0.2538590133190155
15475186504,-0.0,-0.2538590133190155
15485180984,-0.0,-0.27471840381622314
15515795931,-0.0,-0.27471840381622314
15516049317,-0.0,-0.27471840381622314
15526850723,-0.0,-0.2872340679168701
15555721556,-0.0,-0.2872340679168701
15557856713,-0.0,-0.2955778241157532
15607527806,-0.0,-0.30809345841407776
15651601348,-0.0,-0.3164372146129608
15692932077,-0.0,-0.3164372146129608
15693329525,-0.0,-0.3164372146129608
15703311973,-0.0,-0.3164372146129608
15703829890,-0.0,-0.3164372146129608
15713876088,-0.0,-0.3164372146129608
15714399317,-0.0,-0.3164372146129608
15724326088,-0.0,-0.3164372146129608
15725067754,-0.0,-0.3164372146129608
15735563223,-0.0,-0.3164372146129608
15736315567,-0.0,-0.3164372146129608
15746935775,-0.0,-0.3164372146129608
15747331608,-0.0,-0.3164372146129608
15757887963,-0.0,-0.32478100061416626
15781032858,-0.0,-0.32478100061416626
15781783327,-0.0,-0.32478100061416626
15792010775,-0.0,-0.32478100061416626
15792354681,-0.0,-0.32478100061416626
15803656869,-0.0,-0.36649981141090393
15821175150,-0.0,-0.36649981141090393
15821416765,-0.0,-0.36649981141090393
15831733952,-0.0,-0.36649981141090393
15832040410,-0.0,-0.36649981141090393
15842115410,-0.0,-0.3790154457092285
15857019056,-0.0,-0.3790154457092285
15857313379,-0.0,-0.3790154457092285
15867343223,-0.0,-0.3790154457092285
15867737858,-0.0,-0.3790154457092285
15877982233,-0.0,-0.3790154457092285
15878462910,-0.0,-0.3790154457092285
15888370306,-0.0,-0.38318732380867004
15921091556,-0.0,-0.3873592019081116
15921344108,-0.0,-0.3873592019081116
15931784056,-0.0,-0.3873592019081116
15932135254,-0.0,-0.3873592019081116
15942244421,-0.0,-0.3873592019081116
15942679160,-0.0,-0.3873592019081116
15952760358,-0.0,-0.3873592019081116
15953152181,-0.0,-0.3873592019081116
15963229421,-0.0,-0.3873592019081116
15963798952,-0.0,-0.3873592019081116
15973850827,-0.0,-0.3873592019081116
15974220202,-0.0,-0.3873592019081116
15984435046,-0.0,-0.3873592019081116
15984859838,-0.0,-0.3873592019081116
15994996713,-0.0,-0.3873592019081116
15995332077,-0.0,-0.3873592019081116
16006374838,-0.0,-0.3873592019081116
16006753796,-0.0,-0.3873592019081116
16017129942,-0.0,-0.3873592019081116
16017458796,-0.0,-0.3873592019081116
16027991296,-0.0,-0.3873592019081116
16028382390,-0.0,-0.3873592019081116
16038587650,-0.0,-0.3873592019081116
16038987858,-0.0,-0.3873592019081116
16049090671,-0.0,-0.3873592019081116
16049442129,-0.0,-0.3873592019081116
16060121921,-0.0,-0.3873592019081116
16060469785,-0.0,-0.3873592019081116
16070705306,-0.0,-0.3873592019081116
16071072181,-0.0,-0.3873592019081116
16081309108,-0.0,-0.3873592019081116
16081677390,-0.0,-0.3873592019081116
16092287285,-0.0,-0.3873592019081116
16092942181,-0.0,-0.3873592019081116
16102858692,-0.0,-0.3873592019081116
16103415098,-0.0,-0.3873592019081116
16113433744,-0.0,-0.3873592019081116
16113797806,-0.0,-0.3873592019081116
16123910098,-0.0,-0.3873592019081116
16124224317,-0.0,-0.3873592019081116
16134278223,-0.0,-0.3873592019081116
16134885567,-0.0,-0.3873592019081116
16144671869,-0.0,-0.3873592019081116
16145383744,-0.0,-0.3873592019081116
16155318431,-0.0,-0.3873592019081116
16155845150,-0.0,-0.3873592019081116
16166041452,-0.0,-0.3873592019081116
16166419160,-0.0,-0.3873592019081116
16176515410,-0.0,-0.3873592019081116
16176878067,-0.0,-0.3873592019081116
16187492806,-0.0,-0.3873592019081116
16187822910,-0.0,-0.3873592019081116
16197849473,-0.0,-0.3873592019081116
16198171921,-0.0,-0.3873592019081116
16209089473,-0.0,-0.3873592019081116
16209733431,-0.0,-0.3873592019081116
16219445410,-0.0,-0.3873592019081116
16220170827,-0.0,-0.3873592019081116
16230172129,-0.0,-0.3873592019081116
16231436660,-0.0,-0.3873592019081116
16241377285,-0.0,-0.2788902819156647
16270044994,-0.0,-0.2788902819156647
16270434577,-0.0,-0.2788902819156647
16283320150,-0.0,-0.003546101739630103
16315911452,-0.0,-0.003546101739630103
16316347233,-0.0,-0.003546101739630103
16326721921,-0.0,0.0
16327095619,-0.0,0.0
16337072754,-0.0,0.0
16337619733,-0.0,0.0
16347509837,-0.0,0.0
16348180619,-0.0,0.0
16357898796,-0.0,0.0
16358706504,-0.0,0.0
16368514421,-0.0,0.0
16369666035,-0.0,0.0
16379195202,-0.0,0.0
16380081660,-0.0,0.0
16389576348,-0.0,0.0
16390474108,-0.0,0.0
16400105202,-0.0,0.0
16401016817,-0.0,0.0
16410471296,-0.0,0.0
16411614942,-0.0,0.0
16421151608,-0.0,0.0
16422116192,-0.0,0.0
16431605514,-0.0,0.0
16433021712,-0.0,0.0
16442155202,-0.0,0.0
16443760619,-0.0,0.0
16452940879,-0.0,0.0
16454348952,-0.0,0.0
16463784942,-0.0,0.0
16464995306,-0.0,0.0
16474414160,-0.0,0.0
16477048431,-0.0,0.0
16485997285,-0.0,0.0
16487499994,-0.0,0.0
16496458900,-0.0,0.0
16498300150,-0.0,0.0
16507010723,-0.0,0.0
16509157806,-0.0,0.0
16518461296,-0.0,0.0
16519651087,-0.0,0.0
16529205619,-0.0,0.0
16530429108,-0.0,0.0
16541033431,-0.0,0.0
16541366556,-0.0,0.0
16551504577,-0.0,0.0
16551886244,-0.0,0.0
16562080671,-0.0,0.0
16562439994,-0.0,0.0
16572542858,-0.0,0.0
16572985306,-0.0,0.0
16583178223,-0.0,0.0
16584352702,-0.0,0.0
16593701608,-0.0,0.0
16594807025,-0.0,0.0
16604240098,-0.0,0.0
16605368379,-0.0,0.0
16615021556,-0.0,0.0
16615793483,-0.0,0.0
16625553014,-0.0,0.0
16626345931,-0.0,0.0
16637338535,-0.0,0.0
16637928900,-0.0,0.0
16648362650,-0.0,0.0
16648700671,-0.0,0.0
16659439421,-0.0,0.0
16659778066,-0.0,0.0
16669930046,-0.0,0.0
16670298848,-0.0,0.0
16680402650,-0.0,0.0
16680718431,-0.0,0.0
16691388275,-0.0,0.0
16691725671,-0.0,0.0
16701897962,-0.0,0.0
16702286243,-0.0,0.0
16712424368,-0.0,0.0
16712771452,-0.0,0.0
16723693743,-0.0,0.0
16724122181,-0.0,0.0
16734006191,-0.0,0.0
16734558848,-0.0,0.0
16744537389,-0.0,0.0
16744969004,-0.0,0.0
16754881712,-0.0,0.0
16755399264,-0.0,0.0
16765216504,-0.0,0.0,261.05999755859375
16765906921,-0.0,0.0,261.05999755859375
16775806660,-0.0,0.0,261.05999755859375
16776406243,-0.0,0.0,261.05999755859375
16786369212,-0.0,0.0,261.05999755859375
16802125254,-0.0,0.0,261.05999755859375
16802339681,-0.0,0.0,261.05999755859375
16813044212,-0.0,0.0,261.05999755859375
16818728327,-0.0,0.0,261.05999755859375
16823413118,-0.0,0.0,261.05999755859375
16829234473,-0.0,0.0,261.05999755859375
16834020306,-0.0,0.0,261.0899963378906
16839725983,-0.0,0.0,261.0899963378906
16844686400,-0.0,0.0,261.0899963378906
16850227389,-0.0,0.0,261.0899963378906
16855210514,-0.0,0.0,261.0899963378906
16861089629,-0.0,0.0,261.0899963378906
16865841452,-0.0,0.0,261.0899963378906
16871650931,-0.0,0.0,261.0899963378906
16877331452,-0.0,0.0,261.0899963378906
16882116035,-0.0,0.0,261.0899963378906
16890870827,-0.0,0.0,261.0899963378906
16892589629,-0.0,0.0,261.0899963378906
16901490410,-0.0,0.0,261.0899963378906
16903151712,-0.0,0.0,261.0899963378906
16912160775,-0.0,0.0,261.12000274658203
16913608900,-0.0,0.0,261.12000274658203
16924518952,-0.0,0.0
16924839837,-0.0,0.0
16934866608,-0.0,0.0
16935126295,-0.0,0.0
16945288848,-0.0,0.0
16945582962,-0.0,0.0
16955657962,-0.0,0.0
16956027545,-0.0,0.0
16966135306,-0.0,0.0
16966419056,-0.0,0.0
16977427858,-0.0,0.0
16977883379,-0.0,0.0
16987945410,-0.0,0.0
16988225202,-0.0,0.0
16998286816,-0.0,0.0
16998533327,-0.0,0.0
17008609785,-0.0,0.0
17008926816,-0.0,0.0
17019075150,-0.0,0.0
17019344160,-0.0,0.0
17029368327,-0.0,0.0
17029631973,-0.0,0.0
17039797181,-0.0,0.0
17040099473,-0.0,0.0
17050085202,-0.0,0.0
17050481920,-0.0,0.0
17060397077,-0.0,0.0
17060872285,-0.0,0.0
17070743379,-0.0,0.0
17071258587,-0.0,0.0
17081045879,-0.0,0.0
17081655306,-0.0,0.0
17091398066,-0.0,0.0
17092076973,-0.0,0.0
17101921452,-0.0,0.0
17102491191,-0.0,0.0
17112439941,-0.0,0.0
17112908587,-0.0,0.0
17122925202,-0.0,0.0
17123273483,-0.0,0.0
17133469733,-0.0,0.0
17133784160,-0.0,0.0
17144003691,-0.0,0.0
17144302337,-0.0,0.0
17154338014,-0.0,0.0
17154761556,-0.0,0.0
17164714420,-0.0,0.0
17165190931,-0.0,0.0
17175366868,-0.0,0.0
17175703900,-0.0,0.0
17186161452,-0.0,0.0
17186541504,-0.0,0.0
17196703379,-0.0,0.0
17197044368,-0.0,0.0
17207296712,-0.0,0.0
17207629264,-0.0,0.0
17218570410,-0.0,0.0
17218944733,-0.0,0.0
17229054160,-0.0,0.0
17229379368,-0.0,0.0
17239620150,-0.0,0.0
17240049420,-0.0,0.0
17250172754,-0.0,0.0
17250553847,-0.0,0.0
17260747650,-0.0,0.0
17261171920,-0.0,0.0
17271231243,-0.0,0.0
17271561295,-0.0,0.0
17281818222,-0.0,0.0
17282260566,-0.0,0.0
17298047493,-0.0,0.0
17313023847,-0.0,0.0
17313389264,-0.0,0.0
17341415670,-0.0,0.0
17341817650,-0.0,0.0
17351755722,-0.0,0.0
17352447233,-0.0,0.0
17362368431,-0.0,0.0
17362867806,-0.0,0.0
17372975358,-0.0,0.0
17373329993,-0.0,0.0
17383470983,-0.0,0.0
17383812910,-0.0,0.0
17393949472,-0.0,0.0
17394330931,-0.0,0.0
17404538431,-0.0,0.0
17404970774,-0.0,0.0
17415897910,-0.0,0.0
17416224264,-0.0,0.0
17426337754,-0.0,0.0
17426699681,-0.0,0.0
17436782077,-0.0,0.0
17437100827,-0.0,0.0
17447240045,-0.0,0.0
17447571243,-0.0,0.0
17457827806,-0.0,0.0
17458178379,-0.0,0.0
17468652493,-0.0,0.0
17469096816,-0.0,0.0
17479728587,-0.0,0.0
17480066399,-0.0,0.0
17490212337,-0.0,0.0
17490569629,-0.0,0.0
17501105462,-0.0,0.0
17501429681,-0.0,0.0
17511560983,-0.0,0.0
17512028014,-0.0,0.0
17522435774,-0.0,0.0
17522763483,-0.0,0.0
17532905045,-0.0,0.0
17533381139,-0.0,0.0
17543422441,-0.0,0.0
17543781504,-0.0,0.0
17553937337,-0.0,0.0
17554281608,-0.0,0.0
17564871608,-0.0,0.0
17565172597,-0.0,0.0
17575919264,-0.0,0.0
17576238639,-0.0,0.0
17586362441,-0.0,0.0
17586697493,-0.0,0.0
17596989472,-0.0,0.0
17597343431,-0.0,0.0
17607837181,-0.0,0.0
17608126556,-0.0,0.0
17618270045,-0.0,0.0
17618587441,-0.0,0.0
17628786295,-0.0,0.0
17629404264,-0.0,0.0
17639594004,-0.0,0.0
17640097545,-0.0,0.0
17650241608,-0.0,0.0
17650546451,-0.0,0.0
17661417858,-0.0,0.0
17661756399,-0.0,0.0
17672048014,-0.0,0.0
17672403795,-0.0,0.0
17682554316,-0.0,0.0
17682855097,-0.0,0.0
17692909941,-0.0,0.0
17693188483,-0.0,0.0
17703328431,-0.0,0.0
17703647441,-0.0,0.0
17713665254,-0.0,0.0
17714009837,-0.0,0.0
17723979420,-0.0,0.0
17724431139,-0.0,0.0
17734296243,-0.0,0.0
17735020774,-0.0,0.0
17744852545,-0.0,0.0
17745433847,-0.0,0.0
17755435149,-0.0,0.0
17755789004,-0.0,0.0
17765913691,-0.0,0.0
17766214108,-0.0,0.0
17776385983,-0.0,0.0
17776728222,-0.0,0.0
17786865931,-0.0,0.0
17787196295,-0.0,0.0
17797361556,-0.0,0.0
17797869316,-0.0,0.0
17808889785,-0.0,0.0
17836423222,-0.0,0.0
17836708066,-0.0,0.0
17846928951,-0.0,0.0
17847303743,-0.0,0.0
17857290253,-0.0,0.0
17857813118,-0.0,0.0
17868065045,-0.0,0.0
17868432806,-0.0,0.0
17878488222,-0.0,0.0
17878917649,-0.0,0.0
17888859212,-0.0,0.0
17889535097,-0.0,0.0
17899249212,-0.0,0.0
17900163326,-0.0,0.0
17909643847,-0.0,0.0
17910672858,-0.0,0.0
17920000983,-0.0,0.0
17921111295,-0.0,0.0
17930519837,-0.0,0.0
17931562910,-0.0,0.0
17942196451,-0.0,0.0
17942490097,-0.0,0.0
17952493639,-0.0,0.0
17952806712,-0.0,0.0
17962910253,-0.0,0.0
17963193118,-0.0,0.0
17973213431,-0.0,0.0
17973477285,-0.0,0.0
17983540149,-0.0,0.0
17983811816,-0.0,0.0
17993904524,-0.0,0.0
17994257910,-0.0,0.0
18004201399,-0.0,0.0
18004699368,-0.0,0.0
18014728066,-0.0,0.0
18015074472,-0.0,0.0
18025513014,-0.0,0.0
18025884368,-0.0,0.0
18038582805,-0.0,0.0
18038934733,-0.0,0.0
18049756712,-0.0,0.0
18050220097,-0.0,0.0
18060887649,-0.0,0.0
18061257597,-0.0,0.0
18071371399,-0.0,0.0
18071712545,-0.0,0.0
18082091764,-0.0,0.0
18082435149,-0.0,0.0
18092706868,-0.0,0.0
18093089368,-0.0,0.0
18103815253,-0.0,0.0
18104159837,-0.0,0.0
18114857180,-0.0,0.0
18115180878,-0.0,0.0
18125335514,-0.0,0.0
18125703691,-0.0,0.0
18135953066,-0.0,0.0
18136294003,-0.0,0.0
18146433118,-0.0,0.0
18146963378,-0.0,0.0
18156930930,-0.0,0.0
18157368326,-0.0,0.0
18167796660,-0.0,0.0
18168143899,-0.0,0.0
18178315045,-0.0,0.0
18178646191,-0.0,0.0
18189222233,-0.0,0.0
18189567910,-0.0,0.0
18200089368,-0.0,0.0
18200406972,-0.0,0.0
18210573483,-0.0,0.0
18211040930,-0.0,0.0
18220931243,-0.0,0.0
18221918691,-0.0,0.0
18231454264,-0.0,0.0
18232374472,-0.0,0.0
18241920410,-0.0,0.0
18242849576,-0.0,0.0
18252448587,-0.0,0.0
18253351660,-0.0,0.0
18262856035,-0.0,0.0
18263994785,-0.0,0.0
18273323535,-0.0,0.0
18274480566,-0.0,0.0
18283800097,-0.0,0.0
18284974628,-0.0,0.0
18294288847,-0.0,0.0
18295405514,-0.0,0.0
18304689889,-0.0,0.0
18305890149,-0.0,0.0
18315174055,-0.0,0.0
18337962024,-0.0,0.0
18338289107,-0.0,0.0
18348316451,-0.0,0.0
18348679524,-0.0,0.0
18358709785,-0.0,0.0
18359069993,-0.0,0.0
18369018951,-0.0,0.0
18369484160,-0.0,0.0
18379379524,-0.0,0.0
18379912076,-0.0,0.0
18389799003,-0.0,0.0
18390459107,-0.0,0.0
18400340618,-0.0,0.0
18400906660,-0.0,0.0
18410658118,-0.0,0.0
18411331764,-0.0,0.0
18421074264,-0.0,0.0
18421728014,-0.0,0.0
18431659212,-0.0,0.0
18432225305,-0.0,0.0
18441985774,-0.0,0.0
18443276399,-0.0,0.0
18452388066,-0.0,0.0
18453947597,-0.0,0.0
18462769003,-0.0,0.0
18464344680,-0.0,0.0
18473154941,-0.0,0.0
18474753014,-0.0,0.0
18483556972,-0.0,0.0
18485594576,-0.0,0.0
18494962337,-0.0,0.0
18496124993,-0.0,0.0
18505347701,-0.0,0.0
18506498899,-0.0,0.0
18515997180,-0.0,0.0
18516935722,-0.0,0.0
18526323326,-0.0,0.0
18527739316,-0.0,0.0
18536738587,-0.0,0.0
18538122024,-0.0,0.0
18549218118,-0.0,0.0
18549543795,-0.0,0.0
18559610357,-0.0,0.0
18559914003,-0.0,0.0
18569917128,-0.0,0.0
18570211139,-0.0,0.0
18580347389,-0.0,0.0
18580701764,-0.0,0.0
18590617493,-0.0,0.0
18591057649,-0.0,0.0
18600935149,-0.0,0.0
18601431034,-0.0,0.0
18611323222,-0.0,0.0
18612798691,-0.0,0.0
18621690618,-0.0,0.0
18623504055,-0.0,0.0
18632695357,-0.0,0.0
18634419680,-0.0,0.0
18643183430,-0.0,0.0
18644789524,-0.0,0.0
18655160097,-0.0,0.0
18655553118,-0.0,0.0
18666136659,-0.0,0.0
18666508899,-0.0,0.0
18676617389,-0.0,0.0
18676972336,-0.0,0.0
18687133743,-0.0,0.0
18687459159,-0.0,0.0
18697773118,-0.0,0.0
18698093691,-0.0,0.0
18708524784,-0.0,0.0
18708823534,-0.0,0.0
18718831920,-0.0,0.0
18719142753,-0.0,0.0
18729198170,-0.0,0.0
18729487753,-0.0,0.0
18739509055,-0.0,0.0
18739820878,-0.0,0.0
18749848326,-0.0,0.0
18750142389,-0.0,0.0
18760141086,-0.0,0.0
18760514264,-0.0,0.0
18770652805,-0.0,0.0
18770955878,-0.0,0.0
18780983274,-0.0,0.0
18781247753,-0.0,0.0
18791298586,-0.0,0.0
18791720566,-0.0,0.0
18801760097,-0.0,0.0
18802018586,-0.0,0.0
18813635305,-0.0,0.0
18813918691,-0.0,0.0
18824770201,-0.0,0.0
18862666295,-0.0,0.0
18862880722,-0.0,0.0
18872950670,-0.0,0.0
18873254680,-0.0,0.0
18883285513,-0.0,0.0
18883554888,-0.0,0.0
18893888743,-0.0,0.0
18894207076,-0.0,0.0
18904626034,-0.0,0.0
18905036868,-0.0,0.0
18914987336,-0.0,0.0
18915411399,-0.0,0.0
18925354472,-0.0,0.0
18925897649,-0.0,0.0
18935875461,-0.0,0.0
18936289316,-0.0,0.0
18946203066,-0.0,0.0
18946716659,-0.0,0.0
18956560253,-0.0,0.0
18957102805,-0.0,0.0
18966983743,-0.0,0.0
18967585982,-0.0,0.0
18977399784,-0.0,0.0
18978090357,-0.0,0.0
18987784888,-0.0,0.0
18988598951,-0.0,0.0
18998209472,-0.0,0.0
18999206555,-0.0,0.0
19009023274,-0.0,0.0
19009692180,-0.0,0.0
19020155670,-0.0,0.0
19020516138,-0.0,0.0
19030664888,-0.0,0.0
19031178743,-0.0,0.0
19041349941,-0.0,0.0
19041650826,-0.0,0.0
19051837857,-0.0,0.0
19052116972,-0.0,0.0
19063812545,-0.0,0.0
19064131659,-0.0,0.0
19074383951,-0.0,0.0
19075454836,-0.0,0.0
19084979941,-0.0,0.0
19085922649,-0.0,0.0
19095500201,-0.0,0.0
19096590253,-0.0,0.0
19106021138,-0.0,0.0
19107197545,-0.0,0.0
19116555774,-0.0,0.0
19117855461,-0.0,0.0
19127788482,-0.0,0.0
19128241607,-0.0,0.0
19138193899,-0.0,0.0
19138645722,-0.0,0.0
19148687649,-0.0,0.0
19149041190,-0.0,0.0
19159222024,-0.0,0.0
19159497649,-0.0,0.0
19170359472,-0.0,0.0
19171180149,-0.0,0.0
19181612388,-0.0,0.0
19181980618,-0.0,0.0
19192729836,-0.0,0.0
19193099940,-0.0,0.0
19203569472,-0.0,0.0
19203895565,-0.0,0.0
19214077284,-0.0,0.0
19214534524,-0.0,0.0
19224915461,-0.0,0.0
19225283951,-0.0,0.0
19236782388,-0.0,0.0
19237042545,-0.0,0.0
19247072180,-0.0,0.0
19247456763,-0.0,0.0
19257363482,-0.0,0.0
19257835878,-0.0,0.0
19267686243,-0.0,0.0
19268283430,-0.0,0.0
19278201920,-0.0,0.0
19278671190,-0.0,0.0
19288808743,-0.0,0.0
19289174472,-0.0,0.0
19299504628,-0.0,0.0
19299848482,-0.0,0.0
19309972649,-0.0,0.0
19310303378,-0.0,0.0
19320562649,-0.0,0.0
